image_path,mask_path,scene_token,sample_token
C:\Users\shrey\OneDrive\Documents\Hackathon\Mahe-26\samples/CAM_FRONT/n008-2018-08-28-16-43-51-0400__CAM_FRONT__1535489296012404.jpg,C:\Users\shrey\OneDrive\Documents\Hackathon\Mahe-26\Output\masks_v2\n008-2018-08-28-16-43-51-0400__CAM_FRONT__1535489296012404.png,6f83169d067343658251f72e1dd17dbc,8687ba92abd3406aa797115b874ebeba
C:\Users\shrey\OneDrive\Documents\Hackathon\Mahe-26\samples/CAM_FRONT/n008-2018-08-28-16-43-51-0400__CAM_FRONT__1535489296512409.jpg,C:\Users\shrey\OneDrive\Documents\Hackathon\Mahe-26\Output\masks_v2\n008-2018-08-28-16-43-51-0400__CAM_FRONT__1535489296512409.png,6f83169d067343658251f72e1dd17dbc,5bbeb4e68d51413f81a370cb33ef27fb
C:\Users\shrey\OneDrive\Documents\Hackathon\Mahe-26\samples/CAM_FRONT/n008-2018-08-28-16-43-51-0400__CAM_FRONT__1535489297012404.jpg,C:\Users\shrey\OneDrive\Documents\Hackathon\Mahe-26\Output\masks_v2\n008-2018-08-28-16-43-51-0400__CAM_FRONT__1535489297012404.png,6f83169d067343658251f72e1dd17dbc,e9a1c915c0d641d0b0a3019112a1ee90
C:\Users\shrey\OneDrive\Documents\Hackathon\Mahe-26\samples/CAM_FRONT/n008-2018-08-28-16-43-51-0400__CAM_FRONT__1535489297512404.jpg,C:\Users\shrey\OneDrive\Documents\Hackathon\Mahe-26\Output\masks_v2\n008-2018-08-28-16-43-51-0400__CAM_FRONT__1535489297512404.png,6f83169d067343658251f72e1dd17dbc,f5b8088835f247b8a5434a9f0daadc20
C:\Users\shrey\OneDrive\Documents\Hackathon\Mahe-26\samples/CAM_FRONT/n008-2018-08-28-16-43-51-0400__CAM_FRONT__1535489298012404.jpg,C:\Users\shrey\OneDrive\Documents\Hackathon\Mahe-26\Output\masks_v2\n008-2018-08-28-16-43-51-0400__CAM_FRONT__1535489298012404.png,6f83169d067343658251f72e1dd17dbc,2021b6b367984ad7b18464a550d0ae8d
C:\Users\shrey\OneDrive\Documents\Hackathon\Mahe-26\samples/CAM_FRONT/n008-2018-08-28-16-43-51-0400__CAM_FRONT__1535489298512404.jpg,C:\Users\shrey\OneDrive\Documents\Hackathon\Mahe-26\Output\masks_v2\n008-2018-08-28-16-43-51-0400__CAM_FRONT__1535489298512404.png,6f83169d067343658251f72e1dd17dbc,7315022fc89147a6afc7f978601f8f38
C:\Users\shrey\OneDrive\Documents\Hackathon\Mahe-26\samples/CAM_FRONT/n008-2018-08-28-16-43-51-0400__CAM_FRONT__1535489299012404.jpg,C:\Users\shrey\OneDrive\Documents\Hackathon\Mahe-26\Output\masks_v2\n008-2018-08-28-16-43-51-0400__CAM_FRONT__1535489299012404.png,6f83169d067343658251f72e1dd17dbc,dc03fe4e0a374592af7701c66d5276c4
C:\Users\shrey\OneDrive\Documents\Hackathon\Mahe-26\samples/CAM_FRONT/n008-2018-08-28-16-43-51-0400__CAM_FRONT__1535489299512404.jpg,C:\Users\shrey\OneDrive\Documents\Hackathon\Mahe-26\Output\masks_v2\n008-2018-08-28-16-43-51-0400__CAM_FRONT__1535489299512404.png,6f83169d067343658251f72e1dd17dbc,b7f64f73e8a548488e6d85d9b0e13242
C:\Users\shrey\OneDrive\Documents\Hackathon\Mahe-26\samples/CAM_FRONT/n008-2018-08-28-16-43-51-0400__CAM_FRONT__1535489300012404.jpg,C:\Users\shrey\OneDrive\Documents\Hackathon\Mahe-26\Output\masks_v2\n008-2018-08-28-16-43-51-0400__CAM_FRONT__1535489300012404.png,6f83169d067343658251f72e1dd17dbc,6dabc0fb1df045558f802246dd186b3f
C:\Users\shrey\OneDrive\Documents\Hackathon\Mahe-26\samples/CAM_FRONT/n008-2018-08-28-16-43-51-0400__CAM_FRONT__1535489300512404.jpg,C:\Users\shrey\OneDrive\Documents\Hackathon\Mahe-26\Output\masks_v2\n008-2018-08-28-16-43-51-0400__CAM_FRONT__1535489300512404.png,6f83169d067343658251f72e1dd17dbc,82597244941b4e79aa3e1e9cc6386f8b
C:\Users\shrey\OneDrive\Documents\Hackathon\Mahe-26\samples/CAM_FRONT/n008-2018-08-28-16-43-51-0400__CAM_FRONT__1535489301012404.jpg,C:\Users\shrey\OneDrive\Documents\Hackathon\Mahe-26\Output\masks_v2\n008-2018-08-28-16-43-51-0400__CAM_FRONT__1535489301012404.png,6f83169d067343658251f72e1dd17dbc,8bf071b1b92c4ff1bd5016bfb30de3f7
C:\Users\shrey\OneDrive\Documents\Hackathon\Mahe-26\samples/CAM_FRONT/n008-2018-08-28-16-43-51-0400__CAM_FRONT__1535489301512404.jpg,C:\Users\shrey\OneDrive\Documents\Hackathon\Mahe-26\Output\masks_v2\n008-2018-08-28-16-43-51-0400__CAM_FRONT__1535489301512404.png,6f83169d067343658251f72e1dd17dbc,b8766f4291d5449d95bab459ca724ad8
C:\Users\shrey\OneDrive\Documents\Hackathon\Mahe-26\samples/CAM_FRONT/n008-2018-08-28-16-43-51-0400__CAM_FRONT__1535489302012404.jpg,C:\Users\shrey\OneDrive\Documents\Hackathon\Mahe-26\Output\masks_v2\n008-2018-08-28-16-43-51-0400__CAM_FRONT__1535489302012404.png,6f83169d067343658251f72e1dd17dbc,dde297c8e12f44c4bc2f2c80e49d2b5a
C:\Users\shrey\OneDrive\Documents\Hackathon\Mahe-26\samples/CAM_FRONT/n008-2018-08-28-16-43-51-0400__CAM_FRONT__1535489302512404.jpg,C:\Users\shrey\OneDrive\Documents\Hackathon\Mahe-26\Output\masks_v2\n008-2018-08-28-16-43-51-0400__CAM_FRONT__1535489302512404.png,6f83169d067343658251f72e1dd17dbc,a0462df7186d4ca99ef58f455d53a42c
C:\Users\shrey\OneDrive\Documents\Hackathon\Mahe-26\samples/CAM_FRONT/n008-2018-08-28-16-43-51-0400__CAM_FRONT__1535489303012421.jpg,C:\Users\shrey\OneDrive\Documents\Hackathon\Mahe-26\Output\masks_v2\n008-2018-08-28-16-43-51-0400__CAM_FRONT__1535489303012421.png,6f83169d067343658251f72e1dd17dbc,d7bea9a3552b40e29d42324108dff575
C:\Users\shrey\OneDrive\Documents\Hackathon\Mahe-26\samples/CAM_FRONT/n008-2018-08-28-16-43-51-0400__CAM_FRONT__1535489303412404.jpg,C:\Users\shrey\OneDrive\Documents\Hackathon\Mahe-26\Output\masks_v2\n008-2018-08-28-16-43-51-0400__CAM_FRONT__1535489303412404.png,6f83169d067343658251f72e1dd17dbc,3ffc4360d1084e6eae5067e87d79503f
C:\Users\shrey\OneDrive\Documents\Hackathon\Mahe-26\samples/CAM_FRONT/n008-2018-08-28-16-43-51-0400__CAM_FRONT__1535489303912404.jpg,C:\Users\shrey\OneDrive\Documents\Hackathon\Mahe-26\Output\masks_v2\n008-2018-08-28-16-43-51-0400__CAM_FRONT__1535489303912404.png,6f83169d067343658251f72e1dd17dbc,05bc09f952ab4cf8b754405f20d503c5
C:\Users\shrey\OneDrive\Documents\Hackathon\Mahe-26\samples/CAM_FRONT/n008-2018-08-28-16-43-51-0400__CAM_FRONT__1535489304412404.jpg,C:\Users\shrey\OneDrive\Documents\Hackathon\Mahe-26\Output\masks_v2\n008-2018-08-28-16-43-51-0400__CAM_FRONT__1535489304412404.png,6f83169d067343658251f72e1dd17dbc,a860c02c06e54d9dbe83ce7b694f6c17
C:\Users\shrey\OneDrive\Documents\Hackathon\Mahe-26\samples/CAM_FRONT/n008-2018-08-28-16-43-51-0400__CAM_FRONT__1535489304912404.jpg,C:\Users\shrey\OneDrive\Documents\Hackathon\Mahe-26\Output\masks_v2\n008-2018-08-28-16-43-51-0400__CAM_FRONT__1535489304912404.png,6f83169d067343658251f72e1dd17dbc,6873840fc1df4796a7b959e13e9fb78a
C:\Users\shrey\OneDrive\Documents\Hackathon\Mahe-26\samples/CAM_FRONT/n008-2018-08-28-16-43-51-0400__CAM_FRONT__1535489305412404.jpg,C:\Users\shrey\OneDrive\Documents\Hackathon\Mahe-26\Output\masks_v2\n008-2018-08-28-16-43-51-0400__CAM_FRONT__1535489305412404.png,6f83169d067343658251f72e1dd17dbc,4ae9c033164e4e01a0392672686d095c
C:\Users\shrey\OneDrive\Documents\Hackathon\Mahe-26\samples/CAM_FRONT/n008-2018-08-28-16-43-51-0400__CAM_FRONT__1535489305912404.jpg,C:\Users\shrey\OneDrive\Documents\Hackathon\Mahe-26\Output\masks_v2\n008-2018-08-28-16-43-51-0400__CAM_FRONT__1535489305912404.png,6f83169d067343658251f72e1dd17dbc,ecd49e3c38624c77b8aac8df445d49ba
C:\Users\shrey\OneDrive\Documents\Hackathon\Mahe-26\samples/CAM_FRONT/n008-2018-08-28-16-43-51-0400__CAM_FRONT__1535489306412404.jpg,C:\Users\shrey\OneDrive\Documents\Hackathon\Mahe-26\Output\masks_v2\n008-2018-08-28-16-43-51-0400__CAM_FRONT__1535489306412404.png,6f83169d067343658251f72e1dd17dbc,ac452a60e8b34a7080c938c904b23057
C:\Users\shrey\OneDrive\Documents\Hackathon\Mahe-26\samples/CAM_FRONT/n008-2018-08-28-16-43-51-0400__CAM_FRONT__1535489306912404.jpg,C:\Users\shrey\OneDrive\Documents\Hackathon\Mahe-26\Output\masks_v2\n008-2018-08-28-16-43-51-0400__CAM_FRONT__1535489306912404.png,6f83169d067343658251f72e1dd17dbc,27900b9c3cfb48ed8b49087098d4a15a
C:\Users\shrey\OneDrive\Documents\Hackathon\Mahe-26\samples/CAM_FRONT/n008-2018-08-28-16-43-51-0400__CAM_FRONT__1535489307412404.jpg,C:\Users\shrey\OneDrive\Documents\Hackathon\Mahe-26\Output\masks_v2\n008-2018-08-28-16-43-51-0400__CAM_FRONT__1535489307412404.png,6f83169d067343658251f72e1dd17dbc,c4f9b75136384ec4a76c4adfc28b4259
C:\Users\shrey\OneDrive\Documents\Hackathon\Mahe-26\samples/CAM_FRONT/n008-2018-08-28-16-43-51-0400__CAM_FRONT__1535489307912404.jpg,C:\Users\shrey\OneDrive\Documents\Hackathon\Mahe-26\Output\masks_v2\n008-2018-08-28-16-43-51-0400__CAM_FRONT__1535489307912404.png,6f83169d067343658251f72e1dd17dbc,a572dd2e95e94e4db66bb5dbfaf870b5
C:\Users\shrey\OneDrive\Documents\Hackathon\Mahe-26\samples/CAM_FRONT/n008-2018-08-28-16-43-51-0400__CAM_FRONT__1535489308362404.jpg,C:\Users\shrey\OneDrive\Documents\Hackathon\Mahe-26\Output\masks_v2\n008-2018-08-28-16-43-51-0400__CAM_FRONT__1535489308362404.png,6f83169d067343658251f72e1dd17dbc,313a60afcab5481a94a4815e0d1a6496
C:\Users\shrey\OneDrive\Documents\Hackathon\Mahe-26\samples/CAM_FRONT/n008-2018-08-28-16-43-51-0400__CAM_FRONT__1535489308862404.jpg,C:\Users\shrey\OneDrive\Documents\Hackathon\Mahe-26\Output\masks_v2\n008-2018-08-28-16-43-51-0400__CAM_FRONT__1535489308862404.png,6f83169d067343658251f72e1dd17dbc,d2ae3c5bbb5343a393882b44d56f8da3
C:\Users\shrey\OneDrive\Documents\Hackathon\Mahe-26\samples/CAM_FRONT/n008-2018-08-28-16-43-51-0400__CAM_FRONT__1535489309362404.jpg,C:\Users\shrey\OneDrive\Documents\Hackathon\Mahe-26\Output\masks_v2\n008-2018-08-28-16-43-51-0400__CAM_FRONT__1535489309362404.png,6f83169d067343658251f72e1dd17dbc,59bd7a9fae8a45bcb76f1847cf09e000
C:\Users\shrey\OneDrive\Documents\Hackathon\Mahe-26\samples/CAM_FRONT/n008-2018-08-28-16-43-51-0400__CAM_FRONT__1535489309862404.jpg,C:\Users\shrey\OneDrive\Documents\Hackathon\Mahe-26\Output\masks_v2\n008-2018-08-28-16-43-51-0400__CAM_FRONT__1535489309862404.png,6f83169d067343658251f72e1dd17dbc,37535cd306954669a2b21578573b93e3
C:\Users\shrey\OneDrive\Documents\Hackathon\Mahe-26\samples/CAM_FRONT/n008-2018-08-28-16-43-51-0400__CAM_FRONT__1535489310362404.jpg,C:\Users\shrey\OneDrive\Documents\Hackathon\Mahe-26\Output\masks_v2\n008-2018-08-28-16-43-51-0400__CAM_FRONT__1535489310362404.png,6f83169d067343658251f72e1dd17dbc,3a064c48e47b489a8b442b8081f877b6
C:\Users\shrey\OneDrive\Documents\Hackathon\Mahe-26\samples/CAM_FRONT/n008-2018-08-28-16-43-51-0400__CAM_FRONT__1535489310912404.jpg,C:\Users\shrey\OneDrive\Documents\Hackathon\Mahe-26\Output\masks_v2\n008-2018-08-28-16-43-51-0400__CAM_FRONT__1535489310912404.png,6f83169d067343658251f72e1dd17dbc,d3c0bbf933594f7184e20d761b6416f4
C:\Users\shrey\OneDrive\Documents\Hackathon\Mahe-26\samples/CAM_FRONT/n008-2018-08-28-16-43-51-0400__CAM_FRONT__1535489311362404.jpg,C:\Users\shrey\OneDrive\Documents\Hackathon\Mahe-26\Output\masks_v2\n008-2018-08-28-16-43-51-0400__CAM_FRONT__1535489311362404.png,6f83169d067343658251f72e1dd17dbc,31812a5e8d514b5f8d2fbc50fc007475
C:\Users\shrey\OneDrive\Documents\Hackathon\Mahe-26\samples/CAM_FRONT/n008-2018-08-28-16-43-51-0400__CAM_FRONT__1535489311862404.jpg,C:\Users\shrey\OneDrive\Documents\Hackathon\Mahe-26\Output\masks_v2\n008-2018-08-28-16-43-51-0400__CAM_FRONT__1535489311862404.png,6f83169d067343658251f72e1dd17dbc,32e2619879854a83953c08ec8557f3bb
C:\Users\shrey\OneDrive\Documents\Hackathon\Mahe-26\samples/CAM_FRONT/n008-2018-08-28-16-43-51-0400__CAM_FRONT__1535489312362404.jpg,C:\Users\shrey\OneDrive\Documents\Hackathon\Mahe-26\Output\masks_v2\n008-2018-08-28-16-43-51-0400__CAM_FRONT__1535489312362404.png,6f83169d067343658251f72e1dd17dbc,4d7cf1ad5f9c4842bb6f135e058deed4
C:\Users\shrey\OneDrive\Documents\Hackathon\Mahe-26\samples/CAM_FRONT/n008-2018-08-28-16-43-51-0400__CAM_FRONT__1535489312862404.jpg,C:\Users\shrey\OneDrive\Documents\Hackathon\Mahe-26\Output\masks_v2\n008-2018-08-28-16-43-51-0400__CAM_FRONT__1535489312862404.png,6f83169d067343658251f72e1dd17dbc,c143943fd6e246448eab88ce1a0aeda9
C:\Users\shrey\OneDrive\Documents\Hackathon\Mahe-26\samples/CAM_FRONT/n008-2018-08-28-16-43-51-0400__CAM_FRONT__1535489313362404.jpg,C:\Users\shrey\OneDrive\Documents\Hackathon\Mahe-26\Output\masks_v2\n008-2018-08-28-16-43-51-0400__CAM_FRONT__1535489313362404.png,6f83169d067343658251f72e1dd17dbc,47188ae2bc8c4faf83c909b135701176
C:\Users\shrey\OneDrive\Documents\Hackathon\Mahe-26\samples/CAM_FRONT/n008-2018-08-28-16-43-51-0400__CAM_FRONT__1535489313862404.jpg,C:\Users\shrey\OneDrive\Documents\Hackathon\Mahe-26\Output\masks_v2\n008-2018-08-28-16-43-51-0400__CAM_FRONT__1535489313862404.png,6f83169d067343658251f72e1dd17dbc,a5f101af325144bd8b8f67694766e255
C:\Users\shrey\OneDrive\Documents\Hackathon\Mahe-26\samples/CAM_FRONT/n008-2018-08-28-16-43-51-0400__CAM_FRONT__1535489314362404.jpg,C:\Users\shrey\OneDrive\Documents\Hackathon\Mahe-26\Output\masks_v2\n008-2018-08-28-16-43-51-0400__CAM_FRONT__1535489314362404.png,6f83169d067343658251f72e1dd17dbc,6f114ec641f8426399b69e844c0dfd62
C:\Users\shrey\OneDrive\Documents\Hackathon\Mahe-26\samples/CAM_FRONT/n008-2018-08-28-16-43-51-0400__CAM_FRONT__1535489314862404.jpg,C:\Users\shrey\OneDrive\Documents\Hackathon\Mahe-26\Output\masks_v2\n008-2018-08-28-16-43-51-0400__CAM_FRONT__1535489314862404.png,6f83169d067343658251f72e1dd17dbc,ed5b84e7ea6f434e99d7816b37d15f2f
C:\Users\shrey\OneDrive\Documents\Hackathon\Mahe-26\samples/CAM_FRONT/n008-2018-08-28-16-43-51-0400__CAM_FRONT__1535489315412404.jpg,C:\Users\shrey\OneDrive\Documents\Hackathon\Mahe-26\Output\masks_v2\n008-2018-08-28-16-43-51-0400__CAM_FRONT__1535489315412404.png,6f83169d067343658251f72e1dd17dbc,739b12938d0e410d9b8fc832dfad5510
C:\Users\shrey\OneDrive\Documents\Hackathon\Mahe-26\samples/CAM_FRONT/n008-2018-08-28-16-43-51-0400__CAM_FRONT__1535489315912404.jpg,C:\Users\shrey\OneDrive\Documents\Hackathon\Mahe-26\Output\masks_v2\n008-2018-08-28-16-43-51-0400__CAM_FRONT__1535489315912404.png,6f83169d067343658251f72e1dd17dbc,dcbe451d383e450786aaad04ab9d3790
C:\Users\shrey\OneDrive\Documents\Hackathon\Mahe-26\samples/CAM_FRONT/n008-2018-08-27-11-48-51-0400__CAM_FRONT__1535385092112404.jpg,C:\Users\shrey\OneDrive\Documents\Hackathon\Mahe-26\Output\masks_v2\n008-2018-08-27-11-48-51-0400__CAM_FRONT__1535385092112404.png,bebf5f5b2a674631ab5c88fd1aa9e87a,5991fad3280c4f84b331536c32001a04
C:\Users\shrey\OneDrive\Documents\Hackathon\Mahe-26\samples/CAM_FRONT/n008-2018-08-27-11-48-51-0400__CAM_FRONT__1535385092662404.jpg,C:\Users\shrey\OneDrive\Documents\Hackathon\Mahe-26\Output\masks_v2\n008-2018-08-27-11-48-51-0400__CAM_FRONT__1535385092662404.png,bebf5f5b2a674631ab5c88fd1aa9e87a,2578329fc3ae484bb23ef766808f4be5
C:\Users\shrey\OneDrive\Documents\Hackathon\Mahe-26\samples/CAM_FRONT/n008-2018-08-27-11-48-51-0400__CAM_FRONT__1535385093162404.jpg,C:\Users\shrey\OneDrive\Documents\Hackathon\Mahe-26\Output\masks_v2\n008-2018-08-27-11-48-51-0400__CAM_FRONT__1535385093162404.png,bebf5f5b2a674631ab5c88fd1aa9e87a,8057958576034e51bac9bdc5740128d5
C:\Users\shrey\OneDrive\Documents\Hackathon\Mahe-26\samples/CAM_FRONT/n008-2018-08-27-11-48-51-0400__CAM_FRONT__1535385093612404.jpg,C:\Users\shrey\OneDrive\Documents\Hackathon\Mahe-26\Output\masks_v2\n008-2018-08-27-11-48-51-0400__CAM_FRONT__1535385093612404.png,bebf5f5b2a674631ab5c88fd1aa9e87a,23799328f65843fc9e0c71f2bfbe90ef
C:\Users\shrey\OneDrive\Documents\Hackathon\Mahe-26\samples/CAM_FRONT/n008-2018-08-27-11-48-51-0400__CAM_FRONT__1535385094112404.jpg,C:\Users\shrey\OneDrive\Documents\Hackathon\Mahe-26\Output\masks_v2\n008-2018-08-27-11-48-51-0400__CAM_FRONT__1535385094112404.png,bebf5f5b2a674631ab5c88fd1aa9e87a,6af01b48aec7475eac1f8e9add0276ff
C:\Users\shrey\OneDrive\Documents\Hackathon\Mahe-26\samples/CAM_FRONT/n008-2018-08-27-11-48-51-0400__CAM_FRONT__1535385094512404.jpg,C:\Users\shrey\OneDrive\Documents\Hackathon\Mahe-26\Output\masks_v2\n008-2018-08-27-11-48-51-0400__CAM_FRONT__1535385094512404.png,bebf5f5b2a674631ab5c88fd1aa9e87a,df7066fa5f0d4b708982747cc3feed14
C:\Users\shrey\OneDrive\Documents\Hackathon\Mahe-26\samples/CAM_FRONT/n008-2018-08-27-11-48-51-0400__CAM_FRONT__1535385094912404.jpg,C:\Users\shrey\OneDrive\Documents\Hackathon\Mahe-26\Output\masks_v2\n008-2018-08-27-11-48-51-0400__CAM_FRONT__1535385094912404.png,bebf5f5b2a674631ab5c88fd1aa9e87a,5f6cc6483988439a824cec99e28bb5b9
C:\Users\shrey\OneDrive\Documents\Hackathon\Mahe-26\samples/CAM_FRONT/n008-2018-08-27-11-48-51-0400__CAM_FRONT__1535385095412404.jpg,C:\Users\shrey\OneDrive\Documents\Hackathon\Mahe-26\Output\masks_v2\n008-2018-08-27-11-48-51-0400__CAM_FRONT__1535385095412404.png,bebf5f5b2a674631ab5c88fd1aa9e87a,c9304cf98aad4ff0bb5b0cff0aab65d2
C:\Users\shrey\OneDrive\Documents\Hackathon\Mahe-26\samples/CAM_FRONT/n008-2018-08-27-11-48-51-0400__CAM_FRONT__1535385095912404.jpg,C:\Users\shrey\OneDrive\Documents\Hackathon\Mahe-26\Output\masks_v2\n008-2018-08-27-11-48-51-0400__CAM_FRONT__1535385095912404.png,bebf5f5b2a674631ab5c88fd1aa9e87a,79937d5eae1d450499677a0dcffa210c
C:\Users\shrey\OneDrive\Documents\Hackathon\Mahe-26\samples/CAM_FRONT/n008-2018-08-27-11-48-51-0400__CAM_FRONT__1535385096362404.jpg,C:\Users\shrey\OneDrive\Documents\Hackathon\Mahe-26\Output\masks_v2\n008-2018-08-27-11-48-51-0400__CAM_FRONT__1535385096362404.png,bebf5f5b2a674631ab5c88fd1aa9e87a,5c85640c10d9485c86bf6eb44778c002
C:\Users\shrey\OneDrive\Documents\Hackathon\Mahe-26\samples/CAM_FRONT/n008-2018-08-27-11-48-51-0400__CAM_FRONT__1535385096862404.jpg,C:\Users\shrey\OneDrive\Documents\Hackathon\Mahe-26\Output\masks_v2\n008-2018-08-27-11-48-51-0400__CAM_FRONT__1535385096862404.png,bebf5f5b2a674631ab5c88fd1aa9e87a,91d9058720eb4c25a172236e14e11085
C:\Users\shrey\OneDrive\Documents\Hackathon\Mahe-26\samples/CAM_FRONT/n008-2018-08-27-11-48-51-0400__CAM_FRONT__1535385097362404.jpg,C:\Users\shrey\OneDrive\Documents\Hackathon\Mahe-26\Output\masks_v2\n008-2018-08-27-11-48-51-0400__CAM_FRONT__1535385097362404.png,bebf5f5b2a674631ab5c88fd1aa9e87a,9768a199e4884a0db50d015703efe969
C:\Users\shrey\OneDrive\Documents\Hackathon\Mahe-26\samples/CAM_FRONT/n008-2018-08-27-11-48-51-0400__CAM_FRONT__1535385097862411.jpg,C:\Users\shrey\OneDrive\Documents\Hackathon\Mahe-26\Output\masks_v2\n008-2018-08-27-11-48-51-0400__CAM_FRONT__1535385097862411.png,bebf5f5b2a674631ab5c88fd1aa9e87a,39bc0a6b3692446d8ba3bde3d6a0774e
C:\Users\shrey\OneDrive\Documents\Hackathon\Mahe-26\samples/CAM_FRONT/n008-2018-08-27-11-48-51-0400__CAM_FRONT__1535385098362404.jpg,C:\Users\shrey\OneDrive\Documents\Hackathon\Mahe-26\Output\masks_v2\n008-2018-08-27-11-48-51-0400__CAM_FRONT__1535385098362404.png,bebf5f5b2a674631ab5c88fd1aa9e87a,f6ef25ab02c0483b9df411ed84873f41
C:\Users\shrey\OneDrive\Documents\Hackathon\Mahe-26\samples/CAM_FRONT/n008-2018-08-27-11-48-51-0400__CAM_FRONT__1535385098862404.jpg,C:\Users\shrey\OneDrive\Documents\Hackathon\Mahe-26\Output\masks_v2\n008-2018-08-27-11-48-51-0400__CAM_FRONT__1535385098862404.png,bebf5f5b2a674631ab5c88fd1aa9e87a,576f17c305324ed7bf460f0110617355
C:\Users\shrey\OneDrive\Documents\Hackathon\Mahe-26\samples/CAM_FRONT/n008-2018-08-27-11-48-51-0400__CAM_FRONT__1535385099362404.jpg,C:\Users\shrey\OneDrive\Documents\Hackathon\Mahe-26\Output\masks_v2\n008-2018-08-27-11-48-51-0400__CAM_FRONT__1535385099362404.png,bebf5f5b2a674631ab5c88fd1aa9e87a,0fa505e5dd804d3b9f9f076d23b28d6d
C:\Users\shrey\OneDrive\Documents\Hackathon\Mahe-26\samples/CAM_FRONT/n008-2018-08-27-11-48-51-0400__CAM_FRONT__1535385099862404.jpg,C:\Users\shrey\OneDrive\Documents\Hackathon\Mahe-26\Output\masks_v2\n008-2018-08-27-11-48-51-0400__CAM_FRONT__1535385099862404.png,bebf5f5b2a674631ab5c88fd1aa9e87a,447c96d132e9494e8b03050e8dcae124
C:\Users\shrey\OneDrive\Documents\Hackathon\Mahe-26\samples/CAM_FRONT/n008-2018-08-27-11-48-51-0400__CAM_FRONT__1535385100362404.jpg,C:\Users\shrey\OneDrive\Documents\Hackathon\Mahe-26\Output\masks_v2\n008-2018-08-27-11-48-51-0400__CAM_FRONT__1535385100362404.png,bebf5f5b2a674631ab5c88fd1aa9e87a,baaa60749cd04db7952fd8f4ef8ac837
C:\Users\shrey\OneDrive\Documents\Hackathon\Mahe-26\samples/CAM_FRONT/n008-2018-08-27-11-48-51-0400__CAM_FRONT__1535385100862404.jpg,C:\Users\shrey\OneDrive\Documents\Hackathon\Mahe-26\Output\masks_v2\n008-2018-08-27-11-48-51-0400__CAM_FRONT__1535385100862404.png,bebf5f5b2a674631ab5c88fd1aa9e87a,d7387fb5a21d40a990a5842cca61af1c
C:\Users\shrey\OneDrive\Documents\Hackathon\Mahe-26\samples/CAM_FRONT/n008-2018-08-27-11-48-51-0400__CAM_FRONT__1535385101362404.jpg,C:\Users\shrey\OneDrive\Documents\Hackathon\Mahe-26\Output\masks_v2\n008-2018-08-27-11-48-51-0400__CAM_FRONT__1535385101362404.png,bebf5f5b2a674631ab5c88fd1aa9e87a,252b65dd79ce4712af1b898b64ea3b98
C:\Users\shrey\OneDrive\Documents\Hackathon\Mahe-26\samples/CAM_FRONT/n008-2018-08-27-11-48-51-0400__CAM_FRONT__1535385101912404.jpg,C:\Users\shrey\OneDrive\Documents\Hackathon\Mahe-26\Output\masks_v2\n008-2018-08-27-11-48-51-0400__CAM_FRONT__1535385101912404.png,bebf5f5b2a674631ab5c88fd1aa9e87a,0d7263a5b8264cad996582d6219ef1f2
C:\Users\shrey\OneDrive\Documents\Hackathon\Mahe-26\samples/CAM_FRONT/n008-2018-08-27-11-48-51-0400__CAM_FRONT__1535385102412404.jpg,C:\Users\shrey\OneDrive\Documents\Hackathon\Mahe-26\Output\masks_v2\n008-2018-08-27-11-48-51-0400__CAM_FRONT__1535385102412404.png,bebf5f5b2a674631ab5c88fd1aa9e87a,8017a35b9b5e476289a89bd098a4a1d1
C:\Users\shrey\OneDrive\Documents\Hackathon\Mahe-26\samples/CAM_FRONT/n008-2018-08-27-11-48-51-0400__CAM_FRONT__1535385102912404.jpg,C:\Users\shrey\OneDrive\Documents\Hackathon\Mahe-26\Output\masks_v2\n008-2018-08-27-11-48-51-0400__CAM_FRONT__1535385102912404.png,bebf5f5b2a674631ab5c88fd1aa9e87a,8580e9a249b64b59bead9d80c0e13e8b
C:\Users\shrey\OneDrive\Documents\Hackathon\Mahe-26\samples/CAM_FRONT/n008-2018-08-27-11-48-51-0400__CAM_FRONT__1535385103412404.jpg,C:\Users\shrey\OneDrive\Documents\Hackathon\Mahe-26\Output\masks_v2\n008-2018-08-27-11-48-51-0400__CAM_FRONT__1535385103412404.png,bebf5f5b2a674631ab5c88fd1aa9e87a,5f3fc3c1d08b47cabc1bbca600abbfa8
C:\Users\shrey\OneDrive\Documents\Hackathon\Mahe-26\samples/CAM_FRONT/n008-2018-08-27-11-48-51-0400__CAM_FRONT__1535385103912404.jpg,C:\Users\shrey\OneDrive\Documents\Hackathon\Mahe-26\Output\masks_v2\n008-2018-08-27-11-48-51-0400__CAM_FRONT__1535385103912404.png,bebf5f5b2a674631ab5c88fd1aa9e87a,7ff999a1242e4573a81dd3a6f0c158a2
C:\Users\shrey\OneDrive\Documents\Hackathon\Mahe-26\samples/CAM_FRONT/n008-2018-08-27-11-48-51-0400__CAM_FRONT__1535385104412404.jpg,C:\Users\shrey\OneDrive\Documents\Hackathon\Mahe-26\Output\masks_v2\n008-2018-08-27-11-48-51-0400__CAM_FRONT__1535385104412404.png,bebf5f5b2a674631ab5c88fd1aa9e87a,0402e40724984f3b833496067d46c771
C:\Users\shrey\OneDrive\Documents\Hackathon\Mahe-26\samples/CAM_FRONT/n008-2018-08-27-11-48-51-0400__CAM_FRONT__1535385104912404.jpg,C:\Users\shrey\OneDrive\Documents\Hackathon\Mahe-26\Output\masks_v2\n008-2018-08-27-11-48-51-0400__CAM_FRONT__1535385104912404.png,bebf5f5b2a674631ab5c88fd1aa9e87a,6e004695af1549c398a52b5c95e22060
C:\Users\shrey\OneDrive\Documents\Hackathon\Mahe-26\samples/CAM_FRONT/n008-2018-08-27-11-48-51-0400__CAM_FRONT__1535385105412404.jpg,C:\Users\shrey\OneDrive\Documents\Hackathon\Mahe-26\Output\masks_v2\n008-2018-08-27-11-48-51-0400__CAM_FRONT__1535385105412404.png,bebf5f5b2a674631ab5c88fd1aa9e87a,ba2491f55619445e9d2e472f39f3b01b
C:\Users\shrey\OneDrive\Documents\Hackathon\Mahe-26\samples/CAM_FRONT/n008-2018-08-27-11-48-51-0400__CAM_FRONT__1535385105912404.jpg,C:\Users\shrey\OneDrive\Documents\Hackathon\Mahe-26\Output\masks_v2\n008-2018-08-27-11-48-51-0400__CAM_FRONT__1535385105912404.png,bebf5f5b2a674631ab5c88fd1aa9e87a,2e024439286d469f8f743fe9266c0e56
C:\Users\shrey\OneDrive\Documents\Hackathon\Mahe-26\samples/CAM_FRONT/n008-2018-08-27-11-48-51-0400__CAM_FRONT__1535385106412404.jpg,C:\Users\shrey\OneDrive\Documents\Hackathon\Mahe-26\Output\masks_v2\n008-2018-08-27-11-48-51-0400__CAM_FRONT__1535385106412404.png,bebf5f5b2a674631ab5c88fd1aa9e87a,ff007cb7b78443e6887401d694f0d369
C:\Users\shrey\OneDrive\Documents\Hackathon\Mahe-26\samples/CAM_FRONT/n008-2018-08-27-11-48-51-0400__CAM_FRONT__1535385106912404.jpg,C:\Users\shrey\OneDrive\Documents\Hackathon\Mahe-26\Output\masks_v2\n008-2018-08-27-11-48-51-0400__CAM_FRONT__1535385106912404.png,bebf5f5b2a674631ab5c88fd1aa9e87a,b2e2ffeabf91451cb31a79649bfd95df
C:\Users\shrey\OneDrive\Documents\Hackathon\Mahe-26\samples/CAM_FRONT/n008-2018-08-27-11-48-51-0400__CAM_FRONT__1535385107412404.jpg,C:\Users\shrey\OneDrive\Documents\Hackathon\Mahe-26\Output\masks_v2\n008-2018-08-27-11-48-51-0400__CAM_FRONT__1535385107412404.png,bebf5f5b2a674631ab5c88fd1aa9e87a,21342b260f964064855aa8ad1e741a22
C:\Users\shrey\OneDrive\Documents\Hackathon\Mahe-26\samples/CAM_FRONT/n008-2018-08-27-11-48-51-0400__CAM_FRONT__1535385107912404.jpg,C:\Users\shrey\OneDrive\Documents\Hackathon\Mahe-26\Output\masks_v2\n008-2018-08-27-11-48-51-0400__CAM_FRONT__1535385107912404.png,bebf5f5b2a674631ab5c88fd1aa9e87a,9a0a16d628ae41d1ab25c9cdfc66d6a1
C:\Users\shrey\OneDrive\Documents\Hackathon\Mahe-26\samples/CAM_FRONT/n008-2018-08-27-11-48-51-0400__CAM_FRONT__1535385108412412.jpg,C:\Users\shrey\OneDrive\Documents\Hackathon\Mahe-26\Output\masks_v2\n008-2018-08-27-11-48-51-0400__CAM_FRONT__1535385108412412.png,bebf5f5b2a674631ab5c88fd1aa9e87a,521cde13efcc4f7cb5f93db99cce30f4
C:\Users\shrey\OneDrive\Documents\Hackathon\Mahe-26\samples/CAM_FRONT/n008-2018-08-27-11-48-51-0400__CAM_FRONT__1535385108912404.jpg,C:\Users\shrey\OneDrive\Documents\Hackathon\Mahe-26\Output\masks_v2\n008-2018-08-27-11-48-51-0400__CAM_FRONT__1535385108912404.png,bebf5f5b2a674631ab5c88fd1aa9e87a,96d915e8b7e44bacba3c78e76a924e5c
C:\Users\shrey\OneDrive\Documents\Hackathon\Mahe-26\samples/CAM_FRONT/n008-2018-08-27-11-48-51-0400__CAM_FRONT__1535385109362404.jpg,C:\Users\shrey\OneDrive\Documents\Hackathon\Mahe-26\Output\masks_v2\n008-2018-08-27-11-48-51-0400__CAM_FRONT__1535385109362404.png,bebf5f5b2a674631ab5c88fd1aa9e87a,e426ccb3e7874894b16e06774ae5ec42
C:\Users\shrey\OneDrive\Documents\Hackathon\Mahe-26\samples/CAM_FRONT/n008-2018-08-27-11-48-51-0400__CAM_FRONT__1535385109862404.jpg,C:\Users\shrey\OneDrive\Documents\Hackathon\Mahe-26\Output\masks_v2\n008-2018-08-27-11-48-51-0400__CAM_FRONT__1535385109862404.png,bebf5f5b2a674631ab5c88fd1aa9e87a,c5a8f6d7a0fe4858b318aeac2524098f
C:\Users\shrey\OneDrive\Documents\Hackathon\Mahe-26\samples/CAM_FRONT/n008-2018-08-27-11-48-51-0400__CAM_FRONT__1535385110412404.jpg,C:\Users\shrey\OneDrive\Documents\Hackathon\Mahe-26\Output\masks_v2\n008-2018-08-27-11-48-51-0400__CAM_FRONT__1535385110412404.png,bebf5f5b2a674631ab5c88fd1aa9e87a,ed1eee39e3dd4c30a3d932e3ceaa92c2
C:\Users\shrey\OneDrive\Documents\Hackathon\Mahe-26\samples/CAM_FRONT/n008-2018-08-27-11-48-51-0400__CAM_FRONT__1535385110912404.jpg,C:\Users\shrey\OneDrive\Documents\Hackathon\Mahe-26\Output\masks_v2\n008-2018-08-27-11-48-51-0400__CAM_FRONT__1535385110912404.png,bebf5f5b2a674631ab5c88fd1aa9e87a,728e3e32df3c413389cb7e233de96ac4
C:\Users\shrey\OneDrive\Documents\Hackathon\Mahe-26\samples/CAM_FRONT/n008-2018-08-27-11-48-51-0400__CAM_FRONT__1535385111412404.jpg,C:\Users\shrey\OneDrive\Documents\Hackathon\Mahe-26\Output\masks_v2\n008-2018-08-27-11-48-51-0400__CAM_FRONT__1535385111412404.png,bebf5f5b2a674631ab5c88fd1aa9e87a,9c56003504024697a5c8d1cb9355a335
C:\Users\shrey\OneDrive\Documents\Hackathon\Mahe-26\samples/CAM_FRONT/n008-2018-08-27-11-48-51-0400__CAM_FRONT__1535385111912404.jpg,C:\Users\shrey\OneDrive\Documents\Hackathon\Mahe-26\Output\masks_v2\n008-2018-08-27-11-48-51-0400__CAM_FRONT__1535385111912404.png,bebf5f5b2a674631ab5c88fd1aa9e87a,35833ae5808e4ef186d1fdebac3d9cf6
C:\Users\shrey\OneDrive\Documents\Hackathon\Mahe-26\samples/CAM_FRONT/n015-2018-10-02-10-50-40+0800__CAM_FRONT__1538448744412460.jpg,C:\Users\shrey\OneDrive\Documents\Hackathon\Mahe-26\Output\masks_v2\n015-2018-10-02-10-50-40+0800__CAM_FRONT__1538448744412460.png,c5224b9b454b4ded9b5d2d2634bbda8a,c1676a2feac74eee8aa38ca3901787d6
C:\Users\shrey\OneDrive\Documents\Hackathon\Mahe-26\samples/CAM_FRONT/n015-2018-10-02-10-50-40+0800__CAM_FRONT__1538448745012460.jpg,C:\Users\shrey\OneDrive\Documents\Hackathon\Mahe-26\Output\masks_v2\n015-2018-10-02-10-50-40+0800__CAM_FRONT__1538448745012460.png,c5224b9b454b4ded9b5d2d2634bbda8a,d6b0de49811b4d1b86a0933719c0c44a
C:\Users\shrey\OneDrive\Documents\Hackathon\Mahe-26\samples/CAM_FRONT/n015-2018-10-02-10-50-40+0800__CAM_FRONT__1538448745512460.jpg,C:\Users\shrey\OneDrive\Documents\Hackathon\Mahe-26\Output\masks_v2\n015-2018-10-02-10-50-40+0800__CAM_FRONT__1538448745512460.png,c5224b9b454b4ded9b5d2d2634bbda8a,6d5d0e60cbf4429d8b6cfa055924e5ca
C:\Users\shrey\OneDrive\Documents\Hackathon\Mahe-26\samples/CAM_FRONT/n015-2018-10-02-10-50-40+0800__CAM_FRONT__1538448746012460.jpg,C:\Users\shrey\OneDrive\Documents\Hackathon\Mahe-26\Output\masks_v2\n015-2018-10-02-10-50-40+0800__CAM_FRONT__1538448746012460.png,c5224b9b454b4ded9b5d2d2634bbda8a,a51146d2b181450292623ec03ade9f03
C:\Users\shrey\OneDrive\Documents\Hackathon\Mahe-26\samples/CAM_FRONT/n015-2018-10-02-10-50-40+0800__CAM_FRONT__1538448746512460.jpg,C:\Users\shrey\OneDrive\Documents\Hackathon\Mahe-26\Output\masks_v2\n015-2018-10-02-10-50-40+0800__CAM_FRONT__1538448746512460.png,c5224b9b454b4ded9b5d2d2634bbda8a,092051710b7b4d9294e98dcb3f0f7be1
C:\Users\shrey\OneDrive\Documents\Hackathon\Mahe-26\samples/CAM_FRONT/n015-2018-10-02-10-50-40+0800__CAM_FRONT__1538448747012460.jpg,C:\Users\shrey\OneDrive\Documents\Hackathon\Mahe-26\Output\masks_v2\n015-2018-10-02-10-50-40+0800__CAM_FRONT__1538448747012460.png,c5224b9b454b4ded9b5d2d2634bbda8a,feaef544d11646ed806b53d9e1f39cd9
C:\Users\shrey\OneDrive\Documents\Hackathon\Mahe-26\samples/CAM_FRONT/n015-2018-10-02-10-50-40+0800__CAM_FRONT__1538448747512460.jpg,C:\Users\shrey\OneDrive\Documents\Hackathon\Mahe-26\Output\masks_v2\n015-2018-10-02-10-50-40+0800__CAM_FRONT__1538448747512460.png,c5224b9b454b4ded9b5d2d2634bbda8a,dca2cc206bb34bc197ae8ebdaed22f35
C:\Users\shrey\OneDrive\Documents\Hackathon\Mahe-26\samples/CAM_FRONT/n015-2018-10-02-10-50-40+0800__CAM_FRONT__1538448748012460.jpg,C:\Users\shrey\OneDrive\Documents\Hackathon\Mahe-26\Output\masks_v2\n015-2018-10-02-10-50-40+0800__CAM_FRONT__1538448748012460.png,c5224b9b454b4ded9b5d2d2634bbda8a,fe42b85d7f7a4107b650ffa993a4fbff
C:\Users\shrey\OneDrive\Documents\Hackathon\Mahe-26\samples/CAM_FRONT/n015-2018-10-02-10-50-40+0800__CAM_FRONT__1538448748512460.jpg,C:\Users\shrey\OneDrive\Documents\Hackathon\Mahe-26\Output\masks_v2\n015-2018-10-02-10-50-40+0800__CAM_FRONT__1538448748512460.png,c5224b9b454b4ded9b5d2d2634bbda8a,fe2a163b8948451b95fa48e21e1988ce
C:\Users\shrey\OneDrive\Documents\Hackathon\Mahe-26\samples/CAM_FRONT/n015-2018-10-02-10-50-40+0800__CAM_FRONT__1538448749012460.jpg,C:\Users\shrey\OneDrive\Documents\Hackathon\Mahe-26\Output\masks_v2\n015-2018-10-02-10-50-40+0800__CAM_FRONT__1538448749012460.png,c5224b9b454b4ded9b5d2d2634bbda8a,3a7aa284dd9d485d8effc20db8cda140
C:\Users\shrey\OneDrive\Documents\Hackathon\Mahe-26\samples/CAM_FRONT/n015-2018-10-02-10-50-40+0800__CAM_FRONT__1538448749512460.jpg,C:\Users\shrey\OneDrive\Documents\Hackathon\Mahe-26\Output\masks_v2\n015-2018-10-02-10-50-40+0800__CAM_FRONT__1538448749512460.png,c5224b9b454b4ded9b5d2d2634bbda8a,f218a2b4fa6941f7ac3798adc72126e8
C:\Users\shrey\OneDrive\Documents\Hackathon\Mahe-26\samples/CAM_FRONT/n015-2018-10-02-10-50-40+0800__CAM_FRONT__1538448750012460.jpg,C:\Users\shrey\OneDrive\Documents\Hackathon\Mahe-26\Output\masks_v2\n015-2018-10-02-10-50-40+0800__CAM_FRONT__1538448750012460.png,c5224b9b454b4ded9b5d2d2634bbda8a,17723c0411434e48875a93de4db0ecba
C:\Users\shrey\OneDrive\Documents\Hackathon\Mahe-26\samples/CAM_FRONT/n015-2018-10-02-10-50-40+0800__CAM_FRONT__1538448750512460.jpg,C:\Users\shrey\OneDrive\Documents\Hackathon\Mahe-26\Output\masks_v2\n015-2018-10-02-10-50-40+0800__CAM_FRONT__1538448750512460.png,c5224b9b454b4ded9b5d2d2634bbda8a,7fd597745c26471ab336b3dd41a5f6dc
C:\Users\shrey\OneDrive\Documents\Hackathon\Mahe-26\samples/CAM_FRONT/n015-2018-10-02-10-50-40+0800__CAM_FRONT__1538448751012460.jpg,C:\Users\shrey\OneDrive\Documents\Hackathon\Mahe-26\Output\masks_v2\n015-2018-10-02-10-50-40+0800__CAM_FRONT__1538448751012460.png,c5224b9b454b4ded9b5d2d2634bbda8a,19f02e3faab4412988f28d419e1727fa
C:\Users\shrey\OneDrive\Documents\Hackathon\Mahe-26\samples/CAM_FRONT/n015-2018-10-02-10-50-40+0800__CAM_FRONT__1538448751512460.jpg,C:\Users\shrey\OneDrive\Documents\Hackathon\Mahe-26\Output\masks_v2\n015-2018-10-02-10-50-40+0800__CAM_FRONT__1538448751512460.png,c5224b9b454b4ded9b5d2d2634bbda8a,312cd4d3bef1476a9211d3dab50dd0b7
C:\Users\shrey\OneDrive\Documents\Hackathon\Mahe-26\samples/CAM_FRONT/n015-2018-10-02-10-50-40+0800__CAM_FRONT__1538448752012460.jpg,C:\Users\shrey\OneDrive\Documents\Hackathon\Mahe-26\Output\masks_v2\n015-2018-10-02-10-50-40+0800__CAM_FRONT__1538448752012460.png,c5224b9b454b4ded9b5d2d2634bbda8a,4aaaf68b9f9f45968a4e862eb03e17ea
C:\Users\shrey\OneDrive\Documents\Hackathon\Mahe-26\samples/CAM_FRONT/n015-2018-10-02-10-50-40+0800__CAM_FRONT__1538448752512460.jpg,C:\Users\shrey\OneDrive\Documents\Hackathon\Mahe-26\Output\masks_v2\n015-2018-10-02-10-50-40+0800__CAM_FRONT__1538448752512460.png,c5224b9b454b4ded9b5d2d2634bbda8a,639a4120779f44bb9cf41be3e8612e36
C:\Users\shrey\OneDrive\Documents\Hackathon\Mahe-26\samples/CAM_FRONT/n015-2018-10-02-10-50-40+0800__CAM_FRONT__1538448753012460.jpg,C:\Users\shrey\OneDrive\Documents\Hackathon\Mahe-26\Output\masks_v2\n015-2018-10-02-10-50-40+0800__CAM_FRONT__1538448753012460.png,c5224b9b454b4ded9b5d2d2634bbda8a,b2f333255d574bebb6f170beaab6a824
C:\Users\shrey\OneDrive\Documents\Hackathon\Mahe-26\samples/CAM_FRONT/n015-2018-10-02-10-50-40+0800__CAM_FRONT__1538448753512460.jpg,C:\Users\shrey\OneDrive\Documents\Hackathon\Mahe-26\Output\masks_v2\n015-2018-10-02-10-50-40+0800__CAM_FRONT__1538448753512460.png,c5224b9b454b4ded9b5d2d2634bbda8a,0106a9b8e65f4ad1867b44591aeed8b0
C:\Users\shrey\OneDrive\Documents\Hackathon\Mahe-26\samples/CAM_FRONT/n015-2018-10-02-10-50-40+0800__CAM_FRONT__1538448754012460.jpg,C:\Users\shrey\OneDrive\Documents\Hackathon\Mahe-26\Output\masks_v2\n015-2018-10-02-10-50-40+0800__CAM_FRONT__1538448754012460.png,c5224b9b454b4ded9b5d2d2634bbda8a,4786b3c0d0a24c8b86b0676d32dd5919
C:\Users\shrey\OneDrive\Documents\Hackathon\Mahe-26\samples/CAM_FRONT/n015-2018-10-02-10-50-40+0800__CAM_FRONT__1538448754512460.jpg,C:\Users\shrey\OneDrive\Documents\Hackathon\Mahe-26\Output\masks_v2\n015-2018-10-02-10-50-40+0800__CAM_FRONT__1538448754512460.png,c5224b9b454b4ded9b5d2d2634bbda8a,4ee219c4638949de9d994bc792fd0a69
C:\Users\shrey\OneDrive\Documents\Hackathon\Mahe-26\samples/CAM_FRONT/n015-2018-10-02-10-50-40+0800__CAM_FRONT__1538448755012460.jpg,C:\Users\shrey\OneDrive\Documents\Hackathon\Mahe-26\Output\masks_v2\n015-2018-10-02-10-50-40+0800__CAM_FRONT__1538448755012460.png,c5224b9b454b4ded9b5d2d2634bbda8a,ac9af15d1aba4f5786877dde9f0b1c93
C:\Users\shrey\OneDrive\Documents\Hackathon\Mahe-26\samples/CAM_FRONT/n015-2018-10-02-10-50-40+0800__CAM_FRONT__1538448755512460.jpg,C:\Users\shrey\OneDrive\Documents\Hackathon\Mahe-26\Output\masks_v2\n015-2018-10-02-10-50-40+0800__CAM_FRONT__1538448755512460.png,c5224b9b454b4ded9b5d2d2634bbda8a,61d47d1198184bfdaa6777e9448d825d
C:\Users\shrey\OneDrive\Documents\Hackathon\Mahe-26\samples/CAM_FRONT/n015-2018-10-02-10-50-40+0800__CAM_FRONT__1538448756012460.jpg,C:\Users\shrey\OneDrive\Documents\Hackathon\Mahe-26\Output\masks_v2\n015-2018-10-02-10-50-40+0800__CAM_FRONT__1538448756012460.png,c5224b9b454b4ded9b5d2d2634bbda8a,f1fd429830e3437db4ba03ba851f0015
C:\Users\shrey\OneDrive\Documents\Hackathon\Mahe-26\samples/CAM_FRONT/n015-2018-10-02-10-50-40+0800__CAM_FRONT__1538448756512460.jpg,C:\Users\shrey\OneDrive\Documents\Hackathon\Mahe-26\Output\masks_v2\n015-2018-10-02-10-50-40+0800__CAM_FRONT__1538448756512460.png,c5224b9b454b4ded9b5d2d2634bbda8a,7df1288fed8a403b8e7a35112b392d7c
C:\Users\shrey\OneDrive\Documents\Hackathon\Mahe-26\samples/CAM_FRONT/n015-2018-10-02-10-50-40+0800__CAM_FRONT__1538448757012460.jpg,C:\Users\shrey\OneDrive\Documents\Hackathon\Mahe-26\Output\masks_v2\n015-2018-10-02-10-50-40+0800__CAM_FRONT__1538448757012460.png,c5224b9b454b4ded9b5d2d2634bbda8a,264c5f3a04744d53a72fd07c1bb6a724
C:\Users\shrey\OneDrive\Documents\Hackathon\Mahe-26\samples/CAM_FRONT/n015-2018-10-02-10-50-40+0800__CAM_FRONT__1538448757512460.jpg,C:\Users\shrey\OneDrive\Documents\Hackathon\Mahe-26\Output\masks_v2\n015-2018-10-02-10-50-40+0800__CAM_FRONT__1538448757512460.png,c5224b9b454b4ded9b5d2d2634bbda8a,bc0040070bcc4233a057bb293f5f6444
C:\Users\shrey\OneDrive\Documents\Hackathon\Mahe-26\samples/CAM_FRONT/n015-2018-10-02-10-50-40+0800__CAM_FRONT__1538448758012460.jpg,C:\Users\shrey\OneDrive\Documents\Hackathon\Mahe-26\Output\masks_v2\n015-2018-10-02-10-50-40+0800__CAM_FRONT__1538448758012460.png,c5224b9b454b4ded9b5d2d2634bbda8a,269ccf1fe399403c914e1f649d2a8ca2
C:\Users\shrey\OneDrive\Documents\Hackathon\Mahe-26\samples/CAM_FRONT/n015-2018-10-02-10-50-40+0800__CAM_FRONT__1538448758512460.jpg,C:\Users\shrey\OneDrive\Documents\Hackathon\Mahe-26\Output\masks_v2\n015-2018-10-02-10-50-40+0800__CAM_FRONT__1538448758512460.png,c5224b9b454b4ded9b5d2d2634bbda8a,59b32981037042eda1fed3c1026fbaba
C:\Users\shrey\OneDrive\Documents\Hackathon\Mahe-26\samples/CAM_FRONT/n015-2018-10-02-10-50-40+0800__CAM_FRONT__1538448759012460.jpg,C:\Users\shrey\OneDrive\Documents\Hackathon\Mahe-26\Output\masks_v2\n015-2018-10-02-10-50-40+0800__CAM_FRONT__1538448759012460.png,c5224b9b454b4ded9b5d2d2634bbda8a,1dba6570f0774b5cb87de6694bb338c0
C:\Users\shrey\OneDrive\Documents\Hackathon\Mahe-26\samples/CAM_FRONT/n015-2018-10-02-10-50-40+0800__CAM_FRONT__1538448759512460.jpg,C:\Users\shrey\OneDrive\Documents\Hackathon\Mahe-26\Output\masks_v2\n015-2018-10-02-10-50-40+0800__CAM_FRONT__1538448759512460.png,c5224b9b454b4ded9b5d2d2634bbda8a,3e7ed5cf0b4541e4a0e1b109dfea89cf
C:\Users\shrey\OneDrive\Documents\Hackathon\Mahe-26\samples/CAM_FRONT/n015-2018-10-02-10-50-40+0800__CAM_FRONT__1538448760012460.jpg,C:\Users\shrey\OneDrive\Documents\Hackathon\Mahe-26\Output\masks_v2\n015-2018-10-02-10-50-40+0800__CAM_FRONT__1538448760012460.png,c5224b9b454b4ded9b5d2d2634bbda8a,be1494c7762c43ca88010f366997a586
C:\Users\shrey\OneDrive\Documents\Hackathon\Mahe-26\samples/CAM_FRONT/n015-2018-10-02-10-50-40+0800__CAM_FRONT__1538448760512460.jpg,C:\Users\shrey\OneDrive\Documents\Hackathon\Mahe-26\Output\masks_v2\n015-2018-10-02-10-50-40+0800__CAM_FRONT__1538448760512460.png,c5224b9b454b4ded9b5d2d2634bbda8a,b422bd971acf483592e367c2c5057a60
C:\Users\shrey\OneDrive\Documents\Hackathon\Mahe-26\samples/CAM_FRONT/n015-2018-10-02-10-50-40+0800__CAM_FRONT__1538448761012460.jpg,C:\Users\shrey\OneDrive\Documents\Hackathon\Mahe-26\Output\masks_v2\n015-2018-10-02-10-50-40+0800__CAM_FRONT__1538448761012460.png,c5224b9b454b4ded9b5d2d2634bbda8a,fa51f1910942494cbe396640010fea64
C:\Users\shrey\OneDrive\Documents\Hackathon\Mahe-26\samples/CAM_FRONT/n015-2018-10-02-10-50-40+0800__CAM_FRONT__1538448761512460.jpg,C:\Users\shrey\OneDrive\Documents\Hackathon\Mahe-26\Output\masks_v2\n015-2018-10-02-10-50-40+0800__CAM_FRONT__1538448761512460.png,c5224b9b454b4ded9b5d2d2634bbda8a,26e594c412e84bdda76e344933fe305a
C:\Users\shrey\OneDrive\Documents\Hackathon\Mahe-26\samples/CAM_FRONT/n015-2018-10-02-10-50-40+0800__CAM_FRONT__1538448762012460.jpg,C:\Users\shrey\OneDrive\Documents\Hackathon\Mahe-26\Output\masks_v2\n015-2018-10-02-10-50-40+0800__CAM_FRONT__1538448762012460.png,c5224b9b454b4ded9b5d2d2634bbda8a,78e778e7e6c84dc59c0436a4d6ff5032
C:\Users\shrey\OneDrive\Documents\Hackathon\Mahe-26\samples/CAM_FRONT/n015-2018-10-02-10-50-40+0800__CAM_FRONT__1538448762512460.jpg,C:\Users\shrey\OneDrive\Documents\Hackathon\Mahe-26\Output\masks_v2\n015-2018-10-02-10-50-40+0800__CAM_FRONT__1538448762512460.png,c5224b9b454b4ded9b5d2d2634bbda8a,9966278ad296494598a9e5fba07926e0
C:\Users\shrey\OneDrive\Documents\Hackathon\Mahe-26\samples/CAM_FRONT/n015-2018-10-02-10-50-40+0800__CAM_FRONT__1538448763012460.jpg,C:\Users\shrey\OneDrive\Documents\Hackathon\Mahe-26\Output\masks_v2\n015-2018-10-02-10-50-40+0800__CAM_FRONT__1538448763012460.png,c5224b9b454b4ded9b5d2d2634bbda8a,225aa2795d63442ebc496cd0c49d3bdb
C:\Users\shrey\OneDrive\Documents\Hackathon\Mahe-26\samples/CAM_FRONT/n015-2018-10-02-10-50-40+0800__CAM_FRONT__1538448763512460.jpg,C:\Users\shrey\OneDrive\Documents\Hackathon\Mahe-26\Output\masks_v2\n015-2018-10-02-10-50-40+0800__CAM_FRONT__1538448763512460.png,c5224b9b454b4ded9b5d2d2634bbda8a,de9432d4fc7a4e5a985e2bc628eb614c
C:\Users\shrey\OneDrive\Documents\Hackathon\Mahe-26\samples/CAM_FRONT/n015-2018-10-02-10-50-40+0800__CAM_FRONT__1538448764012460.jpg,C:\Users\shrey\OneDrive\Documents\Hackathon\Mahe-26\Output\masks_v2\n015-2018-10-02-10-50-40+0800__CAM_FRONT__1538448764012460.png,c5224b9b454b4ded9b5d2d2634bbda8a,63c24b51feb94f14bec29022dae4975d
C:\Users\shrey\OneDrive\Documents\Hackathon\Mahe-26\samples/CAM_FRONT/n015-2018-10-08-15-36-50+0800__CAM_FRONT__1538984233512470.jpg,C:\Users\shrey\OneDrive\Documents\Hackathon\Mahe-26\Output\masks_v2\n015-2018-10-08-15-36-50+0800__CAM_FRONT__1538984233512470.png,325cef682f064c55a255f2625c533b75,b5989651183643369174912bc5641d3b
C:\Users\shrey\OneDrive\Documents\Hackathon\Mahe-26\samples/CAM_FRONT/n015-2018-10-08-15-36-50+0800__CAM_FRONT__1538984234012472.jpg,C:\Users\shrey\OneDrive\Documents\Hackathon\Mahe-26\Output\masks_v2\n015-2018-10-08-15-36-50+0800__CAM_FRONT__1538984234012472.png,325cef682f064c55a255f2625c533b75,0bb62a68055249e381b039bf54b0ccf8
C:\Users\shrey\OneDrive\Documents\Hackathon\Mahe-26\samples/CAM_FRONT/n015-2018-10-08-15-36-50+0800__CAM_FRONT__1538984234512460.jpg,C:\Users\shrey\OneDrive\Documents\Hackathon\Mahe-26\Output\masks_v2\n015-2018-10-08-15-36-50+0800__CAM_FRONT__1538984234512460.png,325cef682f064c55a255f2625c533b75,07fad91090c746ccaa1b2bdb55329e20
C:\Users\shrey\OneDrive\Documents\Hackathon\Mahe-26\samples/CAM_FRONT/n015-2018-10-08-15-36-50+0800__CAM_FRONT__1538984234912460.jpg,C:\Users\shrey\OneDrive\Documents\Hackathon\Mahe-26\Output\masks_v2\n015-2018-10-08-15-36-50+0800__CAM_FRONT__1538984234912460.png,325cef682f064c55a255f2625c533b75,ae5004bf4ebb4db0a84cb3c27bd398d1
C:\Users\shrey\OneDrive\Documents\Hackathon\Mahe-26\samples/CAM_FRONT/n015-2018-10-08-15-36-50+0800__CAM_FRONT__1538984235412460.jpg,C:\Users\shrey\OneDrive\Documents\Hackathon\Mahe-26\Output\masks_v2\n015-2018-10-08-15-36-50+0800__CAM_FRONT__1538984235412460.png,325cef682f064c55a255f2625c533b75,ac8b4d49731d43289579f014cb7c97ef
C:\Users\shrey\OneDrive\Documents\Hackathon\Mahe-26\samples/CAM_FRONT/n015-2018-10-08-15-36-50+0800__CAM_FRONT__1538984235912460.jpg,C:\Users\shrey\OneDrive\Documents\Hackathon\Mahe-26\Output\masks_v2\n015-2018-10-08-15-36-50+0800__CAM_FRONT__1538984235912460.png,325cef682f064c55a255f2625c533b75,c1eed31234b94e9f8e22fbf3428b0ac2
C:\Users\shrey\OneDrive\Documents\Hackathon\Mahe-26\samples/CAM_FRONT/n015-2018-10-08-15-36-50+0800__CAM_FRONT__1538984236412460.jpg,C:\Users\shrey\OneDrive\Documents\Hackathon\Mahe-26\Output\masks_v2\n015-2018-10-08-15-36-50+0800__CAM_FRONT__1538984236412460.png,325cef682f064c55a255f2625c533b75,edba7d0cf1c64d2a9c8a5ebddab507a9
C:\Users\shrey\OneDrive\Documents\Hackathon\Mahe-26\samples/CAM_FRONT/n015-2018-10-08-15-36-50+0800__CAM_FRONT__1538984236912460.jpg,C:\Users\shrey\OneDrive\Documents\Hackathon\Mahe-26\Output\masks_v2\n015-2018-10-08-15-36-50+0800__CAM_FRONT__1538984236912460.png,325cef682f064c55a255f2625c533b75,a5afebb0aa5e4d7c95665788ce51ec58
C:\Users\shrey\OneDrive\Documents\Hackathon\Mahe-26\samples/CAM_FRONT/n015-2018-10-08-15-36-50+0800__CAM_FRONT__1538984237412460.jpg,C:\Users\shrey\OneDrive\Documents\Hackathon\Mahe-26\Output\masks_v2\n015-2018-10-08-15-36-50+0800__CAM_FRONT__1538984237412460.png,325cef682f064c55a255f2625c533b75,5b7cb170eee6468aa1fdbd3abcf63c5a
C:\Users\shrey\OneDrive\Documents\Hackathon\Mahe-26\samples/CAM_FRONT/n015-2018-10-08-15-36-50+0800__CAM_FRONT__1538984237912460.jpg,C:\Users\shrey\OneDrive\Documents\Hackathon\Mahe-26\Output\masks_v2\n015-2018-10-08-15-36-50+0800__CAM_FRONT__1538984237912460.png,325cef682f064c55a255f2625c533b75,d8251bbc2105497ab8ec80827d4429aa
C:\Users\shrey\OneDrive\Documents\Hackathon\Mahe-26\samples/CAM_FRONT/n015-2018-10-08-15-36-50+0800__CAM_FRONT__1538984238412460.jpg,C:\Users\shrey\OneDrive\Documents\Hackathon\Mahe-26\Output\masks_v2\n015-2018-10-08-15-36-50+0800__CAM_FRONT__1538984238412460.png,325cef682f064c55a255f2625c533b75,048a45dd2cf54aa5808d8ccc85731d44
C:\Users\shrey\OneDrive\Documents\Hackathon\Mahe-26\samples/CAM_FRONT/n015-2018-10-08-15-36-50+0800__CAM_FRONT__1538984238912460.jpg,C:\Users\shrey\OneDrive\Documents\Hackathon\Mahe-26\Output\masks_v2\n015-2018-10-08-15-36-50+0800__CAM_FRONT__1538984238912460.png,325cef682f064c55a255f2625c533b75,858a1ece22cf45d9bc71e42336604b78
C:\Users\shrey\OneDrive\Documents\Hackathon\Mahe-26\samples/CAM_FRONT/n015-2018-10-08-15-36-50+0800__CAM_FRONT__1538984239412460.jpg,C:\Users\shrey\OneDrive\Documents\Hackathon\Mahe-26\Output\masks_v2\n015-2018-10-08-15-36-50+0800__CAM_FRONT__1538984239412460.png,325cef682f064c55a255f2625c533b75,372725a4b00e49c78d6d0b1c4a38b6e0
C:\Users\shrey\OneDrive\Documents\Hackathon\Mahe-26\samples/CAM_FRONT/n015-2018-10-08-15-36-50+0800__CAM_FRONT__1538984239912460.jpg,C:\Users\shrey\OneDrive\Documents\Hackathon\Mahe-26\Output\masks_v2\n015-2018-10-08-15-36-50+0800__CAM_FRONT__1538984239912460.png,325cef682f064c55a255f2625c533b75,61a7bd24f88a46c2963280d8b13ac675
C:\Users\shrey\OneDrive\Documents\Hackathon\Mahe-26\samples/CAM_FRONT/n015-2018-10-08-15-36-50+0800__CAM_FRONT__1538984240412460.jpg,C:\Users\shrey\OneDrive\Documents\Hackathon\Mahe-26\Output\masks_v2\n015-2018-10-08-15-36-50+0800__CAM_FRONT__1538984240412460.png,325cef682f064c55a255f2625c533b75,609d5177362340458a3bfd4949cd1e64
C:\Users\shrey\OneDrive\Documents\Hackathon\Mahe-26\samples/CAM_FRONT/n015-2018-10-08-15-36-50+0800__CAM_FRONT__1538984240912467.jpg,C:\Users\shrey\OneDrive\Documents\Hackathon\Mahe-26\Output\masks_v2\n015-2018-10-08-15-36-50+0800__CAM_FRONT__1538984240912467.png,325cef682f064c55a255f2625c533b75,b1303058fa624645b753d7283d70de45
C:\Users\shrey\OneDrive\Documents\Hackathon\Mahe-26\samples/CAM_FRONT/n015-2018-10-08-15-36-50+0800__CAM_FRONT__1538984241412460.jpg,C:\Users\shrey\OneDrive\Documents\Hackathon\Mahe-26\Output\masks_v2\n015-2018-10-08-15-36-50+0800__CAM_FRONT__1538984241412460.png,325cef682f064c55a255f2625c533b75,a19a80c905674faab7203a3a4e0f5246
C:\Users\shrey\OneDrive\Documents\Hackathon\Mahe-26\samples/CAM_FRONT/n015-2018-10-08-15-36-50+0800__CAM_FRONT__1538984241912460.jpg,C:\Users\shrey\OneDrive\Documents\Hackathon\Mahe-26\Output\masks_v2\n015-2018-10-08-15-36-50+0800__CAM_FRONT__1538984241912460.png,325cef682f064c55a255f2625c533b75,b6c420c3a5bd4a219b1cb82ee5ea0aa7
C:\Users\shrey\OneDrive\Documents\Hackathon\Mahe-26\samples/CAM_FRONT/n015-2018-10-08-15-36-50+0800__CAM_FRONT__1538984242412460.jpg,C:\Users\shrey\OneDrive\Documents\Hackathon\Mahe-26\Output\masks_v2\n015-2018-10-08-15-36-50+0800__CAM_FRONT__1538984242412460.png,325cef682f064c55a255f2625c533b75,8092909473464f80b9f791a4d31ddcb8
C:\Users\shrey\OneDrive\Documents\Hackathon\Mahe-26\samples/CAM_FRONT/n015-2018-10-08-15-36-50+0800__CAM_FRONT__1538984242912460.jpg,C:\Users\shrey\OneDrive\Documents\Hackathon\Mahe-26\Output\masks_v2\n015-2018-10-08-15-36-50+0800__CAM_FRONT__1538984242912460.png,325cef682f064c55a255f2625c533b75,e174cb43655f49dab7ffa27b973670e3
C:\Users\shrey\OneDrive\Documents\Hackathon\Mahe-26\samples/CAM_FRONT/n015-2018-10-08-15-36-50+0800__CAM_FRONT__1538984243412460.jpg,C:\Users\shrey\OneDrive\Documents\Hackathon\Mahe-26\Output\masks_v2\n015-2018-10-08-15-36-50+0800__CAM_FRONT__1538984243412460.png,325cef682f064c55a255f2625c533b75,6ff9723a60bf4e14b328b3b19f04dc32
C:\Users\shrey\OneDrive\Documents\Hackathon\Mahe-26\samples/CAM_FRONT/n015-2018-10-08-15-36-50+0800__CAM_FRONT__1538984243912460.jpg,C:\Users\shrey\OneDrive\Documents\Hackathon\Mahe-26\Output\masks_v2\n015-2018-10-08-15-36-50+0800__CAM_FRONT__1538984243912460.png,325cef682f064c55a255f2625c533b75,06be0e3b665c44fa8d17d9f4770bdf9c
C:\Users\shrey\OneDrive\Documents\Hackathon\Mahe-26\samples/CAM_FRONT/n015-2018-10-08-15-36-50+0800__CAM_FRONT__1538984244412460.jpg,C:\Users\shrey\OneDrive\Documents\Hackathon\Mahe-26\Output\masks_v2\n015-2018-10-08-15-36-50+0800__CAM_FRONT__1538984244412460.png,325cef682f064c55a255f2625c533b75,9150678870764c1b87a649a25939c61b
C:\Users\shrey\OneDrive\Documents\Hackathon\Mahe-26\samples/CAM_FRONT/n015-2018-10-08-15-36-50+0800__CAM_FRONT__1538984244912460.jpg,C:\Users\shrey\OneDrive\Documents\Hackathon\Mahe-26\Output\masks_v2\n015-2018-10-08-15-36-50+0800__CAM_FRONT__1538984244912460.png,325cef682f064c55a255f2625c533b75,8573a885a7cb41d185c05029eeb9a54e
C:\Users\shrey\OneDrive\Documents\Hackathon\Mahe-26\samples/CAM_FRONT/n015-2018-10-08-15-36-50+0800__CAM_FRONT__1538984245412460.jpg,C:\Users\shrey\OneDrive\Documents\Hackathon\Mahe-26\Output\masks_v2\n015-2018-10-08-15-36-50+0800__CAM_FRONT__1538984245412460.png,325cef682f064c55a255f2625c533b75,55c258972acb4300a3a6077a531ab050
C:\Users\shrey\OneDrive\Documents\Hackathon\Mahe-26\samples/CAM_FRONT/n015-2018-10-08-15-36-50+0800__CAM_FRONT__1538984245912460.jpg,C:\Users\shrey\OneDrive\Documents\Hackathon\Mahe-26\Output\masks_v2\n015-2018-10-08-15-36-50+0800__CAM_FRONT__1538984245912460.png,325cef682f064c55a255f2625c533b75,44237858a539457da65822bfcf58c414
C:\Users\shrey\OneDrive\Documents\Hackathon\Mahe-26\samples/CAM_FRONT/n015-2018-10-08-15-36-50+0800__CAM_FRONT__1538984246412460.jpg,C:\Users\shrey\OneDrive\Documents\Hackathon\Mahe-26\Output\masks_v2\n015-2018-10-08-15-36-50+0800__CAM_FRONT__1538984246412460.png,325cef682f064c55a255f2625c533b75,8cd36e9531fb4eba8e6ac1d666c4641c
C:\Users\shrey\OneDrive\Documents\Hackathon\Mahe-26\samples/CAM_FRONT/n015-2018-10-08-15-36-50+0800__CAM_FRONT__1538984246912460.jpg,C:\Users\shrey\OneDrive\Documents\Hackathon\Mahe-26\Output\masks_v2\n015-2018-10-08-15-36-50+0800__CAM_FRONT__1538984246912460.png,325cef682f064c55a255f2625c533b75,7bebe3c9be714f02837f8617c56df122
C:\Users\shrey\OneDrive\Documents\Hackathon\Mahe-26\samples/CAM_FRONT/n015-2018-10-08-15-36-50+0800__CAM_FRONT__1538984247412460.jpg,C:\Users\shrey\OneDrive\Documents\Hackathon\Mahe-26\Output\masks_v2\n015-2018-10-08-15-36-50+0800__CAM_FRONT__1538984247412460.png,325cef682f064c55a255f2625c533b75,4b894442c95141f9affd731d9da7b43c
C:\Users\shrey\OneDrive\Documents\Hackathon\Mahe-26\samples/CAM_FRONT/n015-2018-10-08-15-36-50+0800__CAM_FRONT__1538984247912460.jpg,C:\Users\shrey\OneDrive\Documents\Hackathon\Mahe-26\Output\masks_v2\n015-2018-10-08-15-36-50+0800__CAM_FRONT__1538984247912460.png,325cef682f064c55a255f2625c533b75,e00dc15130dc44e796687baadd076ae4
C:\Users\shrey\OneDrive\Documents\Hackathon\Mahe-26\samples/CAM_FRONT/n015-2018-10-08-15-36-50+0800__CAM_FRONT__1538984248412460.jpg,C:\Users\shrey\OneDrive\Documents\Hackathon\Mahe-26\Output\masks_v2\n015-2018-10-08-15-36-50+0800__CAM_FRONT__1538984248412460.png,325cef682f064c55a255f2625c533b75,e63b83b436a0479db7362338cdfab118
C:\Users\shrey\OneDrive\Documents\Hackathon\Mahe-26\samples/CAM_FRONT/n015-2018-10-08-15-36-50+0800__CAM_FRONT__1538984248912460.jpg,C:\Users\shrey\OneDrive\Documents\Hackathon\Mahe-26\Output\masks_v2\n015-2018-10-08-15-36-50+0800__CAM_FRONT__1538984248912460.png,325cef682f064c55a255f2625c533b75,c567f9b8e9f34817acdc9c49d791c557
C:\Users\shrey\OneDrive\Documents\Hackathon\Mahe-26\samples/CAM_FRONT/n015-2018-10-08-15-36-50+0800__CAM_FRONT__1538984249412460.jpg,C:\Users\shrey\OneDrive\Documents\Hackathon\Mahe-26\Output\masks_v2\n015-2018-10-08-15-36-50+0800__CAM_FRONT__1538984249412460.png,325cef682f064c55a255f2625c533b75,8e352d4a6c6f40c8ad4f10a3d2c3f158
C:\Users\shrey\OneDrive\Documents\Hackathon\Mahe-26\samples/CAM_FRONT/n015-2018-10-08-15-36-50+0800__CAM_FRONT__1538984249912460.jpg,C:\Users\shrey\OneDrive\Documents\Hackathon\Mahe-26\Output\masks_v2\n015-2018-10-08-15-36-50+0800__CAM_FRONT__1538984249912460.png,325cef682f064c55a255f2625c533b75,841dd6709e9b4d7c9d6bf888f1fe6d7e
C:\Users\shrey\OneDrive\Documents\Hackathon\Mahe-26\samples/CAM_FRONT/n015-2018-10-08-15-36-50+0800__CAM_FRONT__1538984250412460.jpg,C:\Users\shrey\OneDrive\Documents\Hackathon\Mahe-26\Output\masks_v2\n015-2018-10-08-15-36-50+0800__CAM_FRONT__1538984250412460.png,325cef682f064c55a255f2625c533b75,e54b784a608644a2804fcf800c7499f7
C:\Users\shrey\OneDrive\Documents\Hackathon\Mahe-26\samples/CAM_FRONT/n015-2018-10-08-15-36-50+0800__CAM_FRONT__1538984250912460.jpg,C:\Users\shrey\OneDrive\Documents\Hackathon\Mahe-26\Output\masks_v2\n015-2018-10-08-15-36-50+0800__CAM_FRONT__1538984250912460.png,325cef682f064c55a255f2625c533b75,a1289b27ca1d41deb6fc982be9a3d03c
C:\Users\shrey\OneDrive\Documents\Hackathon\Mahe-26\samples/CAM_FRONT/n015-2018-10-08-15-36-50+0800__CAM_FRONT__1538984251412460.jpg,C:\Users\shrey\OneDrive\Documents\Hackathon\Mahe-26\Output\masks_v2\n015-2018-10-08-15-36-50+0800__CAM_FRONT__1538984251412460.png,325cef682f064c55a255f2625c533b75,e6e877f31dd447199b56cae07f86daad
C:\Users\shrey\OneDrive\Documents\Hackathon\Mahe-26\samples/CAM_FRONT/n015-2018-10-08-15-36-50+0800__CAM_FRONT__1538984251912460.jpg,C:\Users\shrey\OneDrive\Documents\Hackathon\Mahe-26\Output\masks_v2\n015-2018-10-08-15-36-50+0800__CAM_FRONT__1538984251912460.png,325cef682f064c55a255f2625c533b75,cb4e6195faad467094fbd4d0a9e960e9
C:\Users\shrey\OneDrive\Documents\Hackathon\Mahe-26\samples/CAM_FRONT/n015-2018-10-08-15-36-50+0800__CAM_FRONT__1538984252412460.jpg,C:\Users\shrey\OneDrive\Documents\Hackathon\Mahe-26\Output\masks_v2\n015-2018-10-08-15-36-50+0800__CAM_FRONT__1538984252412460.png,325cef682f064c55a255f2625c533b75,7f594234e8034228b1a7d727f1981e09
C:\Users\shrey\OneDrive\Documents\Hackathon\Mahe-26\samples/CAM_FRONT/n015-2018-10-08-15-36-50+0800__CAM_FRONT__1538984252912460.jpg,C:\Users\shrey\OneDrive\Documents\Hackathon\Mahe-26\Output\masks_v2\n015-2018-10-08-15-36-50+0800__CAM_FRONT__1538984252912460.png,325cef682f064c55a255f2625c533b75,9cdbf5ff7f294549aea0a4307e5d104a
C:\Users\shrey\OneDrive\Documents\Hackathon\Mahe-26\samples/CAM_FRONT/n015-2018-10-08-15-36-50+0800__CAM_FRONT__1538984253412460.jpg,C:\Users\shrey\OneDrive\Documents\Hackathon\Mahe-26\Output\masks_v2\n015-2018-10-08-15-36-50+0800__CAM_FRONT__1538984253412460.png,325cef682f064c55a255f2625c533b75,b4ff30109dd14c89b24789dc5713cf8c
C:\Users\shrey\OneDrive\Documents\Hackathon\Mahe-26\samples/CAM_FRONT/n015-2018-11-21-19-38-26+0800__CAM_FRONT__1542800367912460.jpg,C:\Users\shrey\OneDrive\Documents\Hackathon\Mahe-26\Output\masks_v2\n015-2018-11-21-19-38-26+0800__CAM_FRONT__1542800367912460.png,d25718445d89453381c659b9c8734939,5998b71b64c146769bde1d5430741381
C:\Users\shrey\OneDrive\Documents\Hackathon\Mahe-26\samples/CAM_FRONT/n015-2018-11-21-19-38-26+0800__CAM_FRONT__1542800368412460.jpg,C:\Users\shrey\OneDrive\Documents\Hackathon\Mahe-26\Output\masks_v2\n015-2018-11-21-19-38-26+0800__CAM_FRONT__1542800368412460.png,d25718445d89453381c659b9c8734939,30aaef2c5ab44dc4afea271fe829b459
C:\Users\shrey\OneDrive\Documents\Hackathon\Mahe-26\samples/CAM_FRONT/n015-2018-11-21-19-38-26+0800__CAM_FRONT__1542800368912460.jpg,C:\Users\shrey\OneDrive\Documents\Hackathon\Mahe-26\Output\masks_v2\n015-2018-11-21-19-38-26+0800__CAM_FRONT__1542800368912460.png,d25718445d89453381c659b9c8734939,e8b1863300964b2481fee312496d06d8
C:\Users\shrey\OneDrive\Documents\Hackathon\Mahe-26\samples/CAM_FRONT/n015-2018-11-21-19-38-26+0800__CAM_FRONT__1542800369412460.jpg,C:\Users\shrey\OneDrive\Documents\Hackathon\Mahe-26\Output\masks_v2\n015-2018-11-21-19-38-26+0800__CAM_FRONT__1542800369412460.png,d25718445d89453381c659b9c8734939,f0c059b6d7b8438ea9f08de0a3c1fc1a
C:\Users\shrey\OneDrive\Documents\Hackathon\Mahe-26\samples/CAM_FRONT/n015-2018-11-21-19-38-26+0800__CAM_FRONT__1542800369912460.jpg,C:\Users\shrey\OneDrive\Documents\Hackathon\Mahe-26\Output\masks_v2\n015-2018-11-21-19-38-26+0800__CAM_FRONT__1542800369912460.png,d25718445d89453381c659b9c8734939,a63038dfb41843eb8a14485d90c2fa35
C:\Users\shrey\OneDrive\Documents\Hackathon\Mahe-26\samples/CAM_FRONT/n015-2018-11-21-19-38-26+0800__CAM_FRONT__1542800370412460.jpg,C:\Users\shrey\OneDrive\Documents\Hackathon\Mahe-26\Output\masks_v2\n015-2018-11-21-19-38-26+0800__CAM_FRONT__1542800370412460.png,d25718445d89453381c659b9c8734939,7220a2aaebf347cda4efedc88dcae96e
C:\Users\shrey\OneDrive\Documents\Hackathon\Mahe-26\samples/CAM_FRONT/n015-2018-11-21-19-38-26+0800__CAM_FRONT__1542800370912460.jpg,C:\Users\shrey\OneDrive\Documents\Hackathon\Mahe-26\Output\masks_v2\n015-2018-11-21-19-38-26+0800__CAM_FRONT__1542800370912460.png,d25718445d89453381c659b9c8734939,4cd162f9083b47d0acd83129a6539c01
C:\Users\shrey\OneDrive\Documents\Hackathon\Mahe-26\samples/CAM_FRONT/n015-2018-11-21-19-38-26+0800__CAM_FRONT__1542800371412460.jpg,C:\Users\shrey\OneDrive\Documents\Hackathon\Mahe-26\Output\masks_v2\n015-2018-11-21-19-38-26+0800__CAM_FRONT__1542800371412460.png,d25718445d89453381c659b9c8734939,c0f7a7d51fbe46f9be8ca098da06b7fb
C:\Users\shrey\OneDrive\Documents\Hackathon\Mahe-26\samples/CAM_FRONT/n015-2018-11-21-19-38-26+0800__CAM_FRONT__1542800371912471.jpg,C:\Users\shrey\OneDrive\Documents\Hackathon\Mahe-26\Output\masks_v2\n015-2018-11-21-19-38-26+0800__CAM_FRONT__1542800371912471.png,d25718445d89453381c659b9c8734939,1ddf7a48af3d43be8763f154974f09ce
C:\Users\shrey\OneDrive\Documents\Hackathon\Mahe-26\samples/CAM_FRONT/n015-2018-11-21-19-38-26+0800__CAM_FRONT__1542800372362460.jpg,C:\Users\shrey\OneDrive\Documents\Hackathon\Mahe-26\Output\masks_v2\n015-2018-11-21-19-38-26+0800__CAM_FRONT__1542800372362460.png,d25718445d89453381c659b9c8734939,3be9d2705879419f8f3afc08949dca57
C:\Users\shrey\OneDrive\Documents\Hackathon\Mahe-26\samples/CAM_FRONT/n015-2018-11-21-19-38-26+0800__CAM_FRONT__1542800372912460.jpg,C:\Users\shrey\OneDrive\Documents\Hackathon\Mahe-26\Output\masks_v2\n015-2018-11-21-19-38-26+0800__CAM_FRONT__1542800372912460.png,d25718445d89453381c659b9c8734939,ed2e7d24f2ad41abb3d37cd9a0ca8e89
C:\Users\shrey\OneDrive\Documents\Hackathon\Mahe-26\samples/CAM_FRONT/n015-2018-11-21-19-38-26+0800__CAM_FRONT__1542800373412460.jpg,C:\Users\shrey\OneDrive\Documents\Hackathon\Mahe-26\Output\masks_v2\n015-2018-11-21-19-38-26+0800__CAM_FRONT__1542800373412460.png,d25718445d89453381c659b9c8734939,ca6000b81f2b4b598502b1e93e334a1d
C:\Users\shrey\OneDrive\Documents\Hackathon\Mahe-26\samples/CAM_FRONT/n015-2018-11-21-19-38-26+0800__CAM_FRONT__1542800373912460.jpg,C:\Users\shrey\OneDrive\Documents\Hackathon\Mahe-26\Output\masks_v2\n015-2018-11-21-19-38-26+0800__CAM_FRONT__1542800373912460.png,d25718445d89453381c659b9c8734939,385d542a35384181bc1e69cfd2df0664
C:\Users\shrey\OneDrive\Documents\Hackathon\Mahe-26\samples/CAM_FRONT/n015-2018-11-21-19-38-26+0800__CAM_FRONT__1542800374412460.jpg,C:\Users\shrey\OneDrive\Documents\Hackathon\Mahe-26\Output\masks_v2\n015-2018-11-21-19-38-26+0800__CAM_FRONT__1542800374412460.png,d25718445d89453381c659b9c8734939,8c8755ebb0bf4c519416323acad6cea1
C:\Users\shrey\OneDrive\Documents\Hackathon\Mahe-26\samples/CAM_FRONT/n015-2018-11-21-19-38-26+0800__CAM_FRONT__1542800374912460.jpg,C:\Users\shrey\OneDrive\Documents\Hackathon\Mahe-26\Output\masks_v2\n015-2018-11-21-19-38-26+0800__CAM_FRONT__1542800374912460.png,d25718445d89453381c659b9c8734939,384e26fb47f94faea344766bb26f987a
C:\Users\shrey\OneDrive\Documents\Hackathon\Mahe-26\samples/CAM_FRONT/n015-2018-11-21-19-38-26+0800__CAM_FRONT__1542800375412460.jpg,C:\Users\shrey\OneDrive\Documents\Hackathon\Mahe-26\Output\masks_v2\n015-2018-11-21-19-38-26+0800__CAM_FRONT__1542800375412460.png,d25718445d89453381c659b9c8734939,7f49d07afdf64212a4eea699cb5ab17c
C:\Users\shrey\OneDrive\Documents\Hackathon\Mahe-26\samples/CAM_FRONT/n015-2018-11-21-19-38-26+0800__CAM_FRONT__1542800375912460.jpg,C:\Users\shrey\OneDrive\Documents\Hackathon\Mahe-26\Output\masks_v2\n015-2018-11-21-19-38-26+0800__CAM_FRONT__1542800375912460.png,d25718445d89453381c659b9c8734939,2e96e4ef43624c3d9ae8fd5526444fa8
C:\Users\shrey\OneDrive\Documents\Hackathon\Mahe-26\samples/CAM_FRONT/n015-2018-11-21-19-38-26+0800__CAM_FRONT__1542800376412496.jpg,C:\Users\shrey\OneDrive\Documents\Hackathon\Mahe-26\Output\masks_v2\n015-2018-11-21-19-38-26+0800__CAM_FRONT__1542800376412496.png,d25718445d89453381c659b9c8734939,7f87e737dad642d9aff78a7fe12ce194
C:\Users\shrey\OneDrive\Documents\Hackathon\Mahe-26\samples/CAM_FRONT/n015-2018-11-21-19-38-26+0800__CAM_FRONT__1542800376912460.jpg,C:\Users\shrey\OneDrive\Documents\Hackathon\Mahe-26\Output\masks_v2\n015-2018-11-21-19-38-26+0800__CAM_FRONT__1542800376912460.png,d25718445d89453381c659b9c8734939,37bed8d646cd4f0f8eac519794dd8bd7
C:\Users\shrey\OneDrive\Documents\Hackathon\Mahe-26\samples/CAM_FRONT/n015-2018-11-21-19-38-26+0800__CAM_FRONT__1542800377412460.jpg,C:\Users\shrey\OneDrive\Documents\Hackathon\Mahe-26\Output\masks_v2\n015-2018-11-21-19-38-26+0800__CAM_FRONT__1542800377412460.png,d25718445d89453381c659b9c8734939,6d1d793b68b24165be5755a54054c82a
C:\Users\shrey\OneDrive\Documents\Hackathon\Mahe-26\samples/CAM_FRONT/n015-2018-11-21-19-38-26+0800__CAM_FRONT__1542800377862460.jpg,C:\Users\shrey\OneDrive\Documents\Hackathon\Mahe-26\Output\masks_v2\n015-2018-11-21-19-38-26+0800__CAM_FRONT__1542800377862460.png,d25718445d89453381c659b9c8734939,083240c8c70b44e4ac6fc7f267b1518f
C:\Users\shrey\OneDrive\Documents\Hackathon\Mahe-26\samples/CAM_FRONT/n015-2018-11-21-19-38-26+0800__CAM_FRONT__1542800378362460.jpg,C:\Users\shrey\OneDrive\Documents\Hackathon\Mahe-26\Output\masks_v2\n015-2018-11-21-19-38-26+0800__CAM_FRONT__1542800378362460.png,d25718445d89453381c659b9c8734939,db0173c29e1e43d1b5535f48e541efdf
C:\Users\shrey\OneDrive\Documents\Hackathon\Mahe-26\samples/CAM_FRONT/n015-2018-11-21-19-38-26+0800__CAM_FRONT__1542800378862460.jpg,C:\Users\shrey\OneDrive\Documents\Hackathon\Mahe-26\Output\masks_v2\n015-2018-11-21-19-38-26+0800__CAM_FRONT__1542800378862460.png,d25718445d89453381c659b9c8734939,d148d50ba9be44bcb2105d8da47425b4
C:\Users\shrey\OneDrive\Documents\Hackathon\Mahe-26\samples/CAM_FRONT/n015-2018-11-21-19-38-26+0800__CAM_FRONT__1542800379362460.jpg,C:\Users\shrey\OneDrive\Documents\Hackathon\Mahe-26\Output\masks_v2\n015-2018-11-21-19-38-26+0800__CAM_FRONT__1542800379362460.png,d25718445d89453381c659b9c8734939,f2d48fe35d5646659dc339e1d36886f9
C:\Users\shrey\OneDrive\Documents\Hackathon\Mahe-26\samples/CAM_FRONT/n015-2018-11-21-19-38-26+0800__CAM_FRONT__1542800379862460.jpg,C:\Users\shrey\OneDrive\Documents\Hackathon\Mahe-26\Output\masks_v2\n015-2018-11-21-19-38-26+0800__CAM_FRONT__1542800379862460.png,d25718445d89453381c659b9c8734939,a32166aff42946d39455fcbe502a321a
C:\Users\shrey\OneDrive\Documents\Hackathon\Mahe-26\samples/CAM_FRONT/n015-2018-11-21-19-38-26+0800__CAM_FRONT__1542800380362460.jpg,C:\Users\shrey\OneDrive\Documents\Hackathon\Mahe-26\Output\masks_v2\n015-2018-11-21-19-38-26+0800__CAM_FRONT__1542800380362460.png,d25718445d89453381c659b9c8734939,7ca3502caf394d6d9c0a80b822b3ff48
C:\Users\shrey\OneDrive\Documents\Hackathon\Mahe-26\samples/CAM_FRONT/n015-2018-11-21-19-38-26+0800__CAM_FRONT__1542800380912460.jpg,C:\Users\shrey\OneDrive\Documents\Hackathon\Mahe-26\Output\masks_v2\n015-2018-11-21-19-38-26+0800__CAM_FRONT__1542800380912460.png,d25718445d89453381c659b9c8734939,5b77f438091b4d00a74d333ef2fe9033
C:\Users\shrey\OneDrive\Documents\Hackathon\Mahe-26\samples/CAM_FRONT/n015-2018-11-21-19-38-26+0800__CAM_FRONT__1542800381412460.jpg,C:\Users\shrey\OneDrive\Documents\Hackathon\Mahe-26\Output\masks_v2\n015-2018-11-21-19-38-26+0800__CAM_FRONT__1542800381412460.png,d25718445d89453381c659b9c8734939,29796060110c4163b07f06eff4af0753
C:\Users\shrey\OneDrive\Documents\Hackathon\Mahe-26\samples/CAM_FRONT/n015-2018-11-21-19-38-26+0800__CAM_FRONT__1542800381862460.jpg,C:\Users\shrey\OneDrive\Documents\Hackathon\Mahe-26\Output\masks_v2\n015-2018-11-21-19-38-26+0800__CAM_FRONT__1542800381862460.png,d25718445d89453381c659b9c8734939,7bf1cef0e253474e847ee4c2eb955901
C:\Users\shrey\OneDrive\Documents\Hackathon\Mahe-26\samples/CAM_FRONT/n015-2018-11-21-19-38-26+0800__CAM_FRONT__1542800382362460.jpg,C:\Users\shrey\OneDrive\Documents\Hackathon\Mahe-26\Output\masks_v2\n015-2018-11-21-19-38-26+0800__CAM_FRONT__1542800382362460.png,d25718445d89453381c659b9c8734939,e10f8dcb73e646af840d9955a70a63d5
C:\Users\shrey\OneDrive\Documents\Hackathon\Mahe-26\samples/CAM_FRONT/n015-2018-11-21-19-38-26+0800__CAM_FRONT__1542800382862460.jpg,C:\Users\shrey\OneDrive\Documents\Hackathon\Mahe-26\Output\masks_v2\n015-2018-11-21-19-38-26+0800__CAM_FRONT__1542800382862460.png,d25718445d89453381c659b9c8734939,17a9388ec4b04e028b4d07af2cc3a45c
C:\Users\shrey\OneDrive\Documents\Hackathon\Mahe-26\samples/CAM_FRONT/n015-2018-11-21-19-38-26+0800__CAM_FRONT__1542800383362460.jpg,C:\Users\shrey\OneDrive\Documents\Hackathon\Mahe-26\Output\masks_v2\n015-2018-11-21-19-38-26+0800__CAM_FRONT__1542800383362460.png,d25718445d89453381c659b9c8734939,1fc26189c2524ef396e5ce6cc210c1cd
C:\Users\shrey\OneDrive\Documents\Hackathon\Mahe-26\samples/CAM_FRONT/n015-2018-11-21-19-38-26+0800__CAM_FRONT__1542800383862460.jpg,C:\Users\shrey\OneDrive\Documents\Hackathon\Mahe-26\Output\masks_v2\n015-2018-11-21-19-38-26+0800__CAM_FRONT__1542800383862460.png,d25718445d89453381c659b9c8734939,92594549844e4f7da7a0e73e92945b2b
C:\Users\shrey\OneDrive\Documents\Hackathon\Mahe-26\samples/CAM_FRONT/n015-2018-11-21-19-38-26+0800__CAM_FRONT__1542800384362460.jpg,C:\Users\shrey\OneDrive\Documents\Hackathon\Mahe-26\Output\masks_v2\n015-2018-11-21-19-38-26+0800__CAM_FRONT__1542800384362460.png,d25718445d89453381c659b9c8734939,1923316323b44b86b3389178fb026db6
C:\Users\shrey\OneDrive\Documents\Hackathon\Mahe-26\samples/CAM_FRONT/n015-2018-11-21-19-38-26+0800__CAM_FRONT__1542800384912460.jpg,C:\Users\shrey\OneDrive\Documents\Hackathon\Mahe-26\Output\masks_v2\n015-2018-11-21-19-38-26+0800__CAM_FRONT__1542800384912460.png,d25718445d89453381c659b9c8734939,05e993bd780241aabaa30dd2a0473286
C:\Users\shrey\OneDrive\Documents\Hackathon\Mahe-26\samples/CAM_FRONT/n015-2018-11-21-19-38-26+0800__CAM_FRONT__1542800385412460.jpg,C:\Users\shrey\OneDrive\Documents\Hackathon\Mahe-26\Output\masks_v2\n015-2018-11-21-19-38-26+0800__CAM_FRONT__1542800385412460.png,d25718445d89453381c659b9c8734939,64134c75d5f547fdb4a6862b192f06cd
C:\Users\shrey\OneDrive\Documents\Hackathon\Mahe-26\samples/CAM_FRONT/n015-2018-11-21-19-38-26+0800__CAM_FRONT__1542800385912460.jpg,C:\Users\shrey\OneDrive\Documents\Hackathon\Mahe-26\Output\masks_v2\n015-2018-11-21-19-38-26+0800__CAM_FRONT__1542800385912460.png,d25718445d89453381c659b9c8734939,c69f16f8568a4479ab2f200c802309d9
C:\Users\shrey\OneDrive\Documents\Hackathon\Mahe-26\samples/CAM_FRONT/n015-2018-11-21-19-38-26+0800__CAM_FRONT__1542800386362460.jpg,C:\Users\shrey\OneDrive\Documents\Hackathon\Mahe-26\Output\masks_v2\n015-2018-11-21-19-38-26+0800__CAM_FRONT__1542800386362460.png,d25718445d89453381c659b9c8734939,a401b5ee030547ab8678a563f13b4731
C:\Users\shrey\OneDrive\Documents\Hackathon\Mahe-26\samples/CAM_FRONT/n015-2018-11-21-19-38-26+0800__CAM_FRONT__1542800386862460.jpg,C:\Users\shrey\OneDrive\Documents\Hackathon\Mahe-26\Output\masks_v2\n015-2018-11-21-19-38-26+0800__CAM_FRONT__1542800386862460.png,d25718445d89453381c659b9c8734939,cc0342fe162348dc9445493aab4b463e
C:\Users\shrey\OneDrive\Documents\Hackathon\Mahe-26\samples/CAM_FRONT/n015-2018-11-21-19-38-26+0800__CAM_FRONT__1542800387362460.jpg,C:\Users\shrey\OneDrive\Documents\Hackathon\Mahe-26\Output\masks_v2\n015-2018-11-21-19-38-26+0800__CAM_FRONT__1542800387362460.png,d25718445d89453381c659b9c8734939,6a9eb66eaac44de69c19d24b9d76e598
C:\Users\shrey\OneDrive\Documents\Hackathon\Mahe-26\samples/CAM_FRONT/n015-2018-11-21-19-38-26+0800__CAM_FRONT__1542800387862460.jpg,C:\Users\shrey\OneDrive\Documents\Hackathon\Mahe-26\Output\masks_v2\n015-2018-11-21-19-38-26+0800__CAM_FRONT__1542800387862460.png,d25718445d89453381c659b9c8734939,ee9b3f38dadd40588f43ba590c4751b9
C:\Users\shrey\OneDrive\Documents\Hackathon\Mahe-26\samples/CAM_FRONT/n015-2018-11-21-19-38-26+0800__CAM_FRONT__1542800847912460.jpg,C:\Users\shrey\OneDrive\Documents\Hackathon\Mahe-26\Output\masks_v2\n015-2018-11-21-19-38-26+0800__CAM_FRONT__1542800847912460.png,de7d80a1f5fb4c3e82ce8a4f213b450a,e6b0b282aa174a978272dc2d0a89d560
C:\Users\shrey\OneDrive\Documents\Hackathon\Mahe-26\samples/CAM_FRONT/n015-2018-11-21-19-38-26+0800__CAM_FRONT__1542800848412460.jpg,C:\Users\shrey\OneDrive\Documents\Hackathon\Mahe-26\Output\masks_v2\n015-2018-11-21-19-38-26+0800__CAM_FRONT__1542800848412460.png,de7d80a1f5fb4c3e82ce8a4f213b450a,f77ef1c17cbf432587d705c88ce76b3b
C:\Users\shrey\OneDrive\Documents\Hackathon\Mahe-26\samples/CAM_FRONT/n015-2018-11-21-19-38-26+0800__CAM_FRONT__1542800848912460.jpg,C:\Users\shrey\OneDrive\Documents\Hackathon\Mahe-26\Output\masks_v2\n015-2018-11-21-19-38-26+0800__CAM_FRONT__1542800848912460.png,de7d80a1f5fb4c3e82ce8a4f213b450a,77fc24547ab34182a945eecb825b6576
C:\Users\shrey\OneDrive\Documents\Hackathon\Mahe-26\samples/CAM_FRONT/n015-2018-11-21-19-38-26+0800__CAM_FRONT__1542800849412460.jpg,C:\Users\shrey\OneDrive\Documents\Hackathon\Mahe-26\Output\masks_v2\n015-2018-11-21-19-38-26+0800__CAM_FRONT__1542800849412460.png,de7d80a1f5fb4c3e82ce8a4f213b450a,648fe1aeca944fb793b334cb6ee01854
C:\Users\shrey\OneDrive\Documents\Hackathon\Mahe-26\samples/CAM_FRONT/n015-2018-11-21-19-38-26+0800__CAM_FRONT__1542800849912460.jpg,C:\Users\shrey\OneDrive\Documents\Hackathon\Mahe-26\Output\masks_v2\n015-2018-11-21-19-38-26+0800__CAM_FRONT__1542800849912460.png,de7d80a1f5fb4c3e82ce8a4f213b450a,1e0d1b76ea134c7db0592c4510f5e737
C:\Users\shrey\OneDrive\Documents\Hackathon\Mahe-26\samples/CAM_FRONT/n015-2018-11-21-19-38-26+0800__CAM_FRONT__1542800850412460.jpg,C:\Users\shrey\OneDrive\Documents\Hackathon\Mahe-26\Output\masks_v2\n015-2018-11-21-19-38-26+0800__CAM_FRONT__1542800850412460.png,de7d80a1f5fb4c3e82ce8a4f213b450a,fb61d590dd1143ccb12ea56fbe9d9d07
C:\Users\shrey\OneDrive\Documents\Hackathon\Mahe-26\samples/CAM_FRONT/n015-2018-11-21-19-38-26+0800__CAM_FRONT__1542800850912460.jpg,C:\Users\shrey\OneDrive\Documents\Hackathon\Mahe-26\Output\masks_v2\n015-2018-11-21-19-38-26+0800__CAM_FRONT__1542800850912460.png,de7d80a1f5fb4c3e82ce8a4f213b450a,3b594831ff7f4e27a9889c7b7d0d8e92
C:\Users\shrey\OneDrive\Documents\Hackathon\Mahe-26\samples/CAM_FRONT/n015-2018-11-21-19-38-26+0800__CAM_FRONT__1542800851412460.jpg,C:\Users\shrey\OneDrive\Documents\Hackathon\Mahe-26\Output\masks_v2\n015-2018-11-21-19-38-26+0800__CAM_FRONT__1542800851412460.png,de7d80a1f5fb4c3e82ce8a4f213b450a,8178cfbc864e4cb0b6e35746b32bed9f
C:\Users\shrey\OneDrive\Documents\Hackathon\Mahe-26\samples/CAM_FRONT/n015-2018-11-21-19-38-26+0800__CAM_FRONT__1542800851912460.jpg,C:\Users\shrey\OneDrive\Documents\Hackathon\Mahe-26\Output\masks_v2\n015-2018-11-21-19-38-26+0800__CAM_FRONT__1542800851912460.png,de7d80a1f5fb4c3e82ce8a4f213b450a,07c29094cb6144aa889c16c52f762d79
C:\Users\shrey\OneDrive\Documents\Hackathon\Mahe-26\samples/CAM_FRONT/n015-2018-11-21-19-38-26+0800__CAM_FRONT__1542800852412460.jpg,C:\Users\shrey\OneDrive\Documents\Hackathon\Mahe-26\Output\masks_v2\n015-2018-11-21-19-38-26+0800__CAM_FRONT__1542800852412460.png,de7d80a1f5fb4c3e82ce8a4f213b450a,a43568a562a043f38af0ec0b71520af7
C:\Users\shrey\OneDrive\Documents\Hackathon\Mahe-26\samples/CAM_FRONT/n015-2018-11-21-19-38-26+0800__CAM_FRONT__1542800852912460.jpg,C:\Users\shrey\OneDrive\Documents\Hackathon\Mahe-26\Output\masks_v2\n015-2018-11-21-19-38-26+0800__CAM_FRONT__1542800852912460.png,de7d80a1f5fb4c3e82ce8a4f213b450a,d1136fce62f14400a069613e274f46f7
C:\Users\shrey\OneDrive\Documents\Hackathon\Mahe-26\samples/CAM_FRONT/n015-2018-11-21-19-38-26+0800__CAM_FRONT__1542800853412460.jpg,C:\Users\shrey\OneDrive\Documents\Hackathon\Mahe-26\Output\masks_v2\n015-2018-11-21-19-38-26+0800__CAM_FRONT__1542800853412460.png,de7d80a1f5fb4c3e82ce8a4f213b450a,f65ffdc408fb4a0c8ef0d1614b47dce8
C:\Users\shrey\OneDrive\Documents\Hackathon\Mahe-26\samples/CAM_FRONT/n015-2018-11-21-19-38-26+0800__CAM_FRONT__1542800853912460.jpg,C:\Users\shrey\OneDrive\Documents\Hackathon\Mahe-26\Output\masks_v2\n015-2018-11-21-19-38-26+0800__CAM_FRONT__1542800853912460.png,de7d80a1f5fb4c3e82ce8a4f213b450a,0915646e387b484785ae2b847ffdee2f
C:\Users\shrey\OneDrive\Documents\Hackathon\Mahe-26\samples/CAM_FRONT/n015-2018-11-21-19-38-26+0800__CAM_FRONT__1542800854412460.jpg,C:\Users\shrey\OneDrive\Documents\Hackathon\Mahe-26\Output\masks_v2\n015-2018-11-21-19-38-26+0800__CAM_FRONT__1542800854412460.png,de7d80a1f5fb4c3e82ce8a4f213b450a,95c0a92d52584756832ec795d346e296
C:\Users\shrey\OneDrive\Documents\Hackathon\Mahe-26\samples/CAM_FRONT/n015-2018-11-21-19-38-26+0800__CAM_FRONT__1542800854912460.jpg,C:\Users\shrey\OneDrive\Documents\Hackathon\Mahe-26\Output\masks_v2\n015-2018-11-21-19-38-26+0800__CAM_FRONT__1542800854912460.png,de7d80a1f5fb4c3e82ce8a4f213b450a,9c7c7d5d109c40fcaecd3c422d37b4f6
C:\Users\shrey\OneDrive\Documents\Hackathon\Mahe-26\samples/CAM_FRONT/n015-2018-11-21-19-38-26+0800__CAM_FRONT__1542800855412460.jpg,C:\Users\shrey\OneDrive\Documents\Hackathon\Mahe-26\Output\masks_v2\n015-2018-11-21-19-38-26+0800__CAM_FRONT__1542800855412460.png,de7d80a1f5fb4c3e82ce8a4f213b450a,7d82aa0c679141d1a71733b85fdcd3ed
C:\Users\shrey\OneDrive\Documents\Hackathon\Mahe-26\samples/CAM_FRONT/n015-2018-11-21-19-38-26+0800__CAM_FRONT__1542800855912460.jpg,C:\Users\shrey\OneDrive\Documents\Hackathon\Mahe-26\Output\masks_v2\n015-2018-11-21-19-38-26+0800__CAM_FRONT__1542800855912460.png,de7d80a1f5fb4c3e82ce8a4f213b450a,07175443e8444b8c8c4802fd004e33c1
C:\Users\shrey\OneDrive\Documents\Hackathon\Mahe-26\samples/CAM_FRONT/n015-2018-11-21-19-38-26+0800__CAM_FRONT__1542800856412460.jpg,C:\Users\shrey\OneDrive\Documents\Hackathon\Mahe-26\Output\masks_v2\n015-2018-11-21-19-38-26+0800__CAM_FRONT__1542800856412460.png,de7d80a1f5fb4c3e82ce8a4f213b450a,056becbc0d5a46da8d59eebddedb47bb
C:\Users\shrey\OneDrive\Documents\Hackathon\Mahe-26\samples/CAM_FRONT/n015-2018-11-21-19-38-26+0800__CAM_FRONT__1542800856912460.jpg,C:\Users\shrey\OneDrive\Documents\Hackathon\Mahe-26\Output\masks_v2\n015-2018-11-21-19-38-26+0800__CAM_FRONT__1542800856912460.png,de7d80a1f5fb4c3e82ce8a4f213b450a,3b594af1b130490989536590345c9dc9
C:\Users\shrey\OneDrive\Documents\Hackathon\Mahe-26\samples/CAM_FRONT/n015-2018-11-21-19-38-26+0800__CAM_FRONT__1542800857412460.jpg,C:\Users\shrey\OneDrive\Documents\Hackathon\Mahe-26\Output\masks_v2\n015-2018-11-21-19-38-26+0800__CAM_FRONT__1542800857412460.png,de7d80a1f5fb4c3e82ce8a4f213b450a,acf9fcbeb1e346b98640f694f15460e8
C:\Users\shrey\OneDrive\Documents\Hackathon\Mahe-26\samples/CAM_FRONT/n015-2018-11-21-19-38-26+0800__CAM_FRONT__1542800857862460.jpg,C:\Users\shrey\OneDrive\Documents\Hackathon\Mahe-26\Output\masks_v2\n015-2018-11-21-19-38-26+0800__CAM_FRONT__1542800857862460.png,de7d80a1f5fb4c3e82ce8a4f213b450a,0e837c21890a4515874247ceb3dbf5c3
C:\Users\shrey\OneDrive\Documents\Hackathon\Mahe-26\samples/CAM_FRONT/n015-2018-11-21-19-38-26+0800__CAM_FRONT__1542800858362460.jpg,C:\Users\shrey\OneDrive\Documents\Hackathon\Mahe-26\Output\masks_v2\n015-2018-11-21-19-38-26+0800__CAM_FRONT__1542800858362460.png,de7d80a1f5fb4c3e82ce8a4f213b450a,f5f955d2d7594fb4b18ef615b421c98e
C:\Users\shrey\OneDrive\Documents\Hackathon\Mahe-26\samples/CAM_FRONT/n015-2018-11-21-19-38-26+0800__CAM_FRONT__1542800858862460.jpg,C:\Users\shrey\OneDrive\Documents\Hackathon\Mahe-26\Output\masks_v2\n015-2018-11-21-19-38-26+0800__CAM_FRONT__1542800858862460.png,de7d80a1f5fb4c3e82ce8a4f213b450a,6cb024831cce4b6e8acf85afb7cece6e
C:\Users\shrey\OneDrive\Documents\Hackathon\Mahe-26\samples/CAM_FRONT/n015-2018-11-21-19-38-26+0800__CAM_FRONT__1542800859412460.jpg,C:\Users\shrey\OneDrive\Documents\Hackathon\Mahe-26\Output\masks_v2\n015-2018-11-21-19-38-26+0800__CAM_FRONT__1542800859412460.png,de7d80a1f5fb4c3e82ce8a4f213b450a,273c930b3f384bd58b2bbae02fe81d1e
C:\Users\shrey\OneDrive\Documents\Hackathon\Mahe-26\samples/CAM_FRONT/n015-2018-11-21-19-38-26+0800__CAM_FRONT__1542800859912460.jpg,C:\Users\shrey\OneDrive\Documents\Hackathon\Mahe-26\Output\masks_v2\n015-2018-11-21-19-38-26+0800__CAM_FRONT__1542800859912460.png,de7d80a1f5fb4c3e82ce8a4f213b450a,a84f43c4ef52461d940a6c7d0768b86f
C:\Users\shrey\OneDrive\Documents\Hackathon\Mahe-26\samples/CAM_FRONT/n015-2018-11-21-19-38-26+0800__CAM_FRONT__1542800860412460.jpg,C:\Users\shrey\OneDrive\Documents\Hackathon\Mahe-26\Output\masks_v2\n015-2018-11-21-19-38-26+0800__CAM_FRONT__1542800860412460.png,de7d80a1f5fb4c3e82ce8a4f213b450a,8d7dcd1533704f5882a5afcb65509ed5
C:\Users\shrey\OneDrive\Documents\Hackathon\Mahe-26\samples/CAM_FRONT/n015-2018-11-21-19-38-26+0800__CAM_FRONT__1542800860912460.jpg,C:\Users\shrey\OneDrive\Documents\Hackathon\Mahe-26\Output\masks_v2\n015-2018-11-21-19-38-26+0800__CAM_FRONT__1542800860912460.png,de7d80a1f5fb4c3e82ce8a4f213b450a,f90292e4cdf647e1a8842baabdaafcec
C:\Users\shrey\OneDrive\Documents\Hackathon\Mahe-26\samples/CAM_FRONT/n015-2018-11-21-19-38-26+0800__CAM_FRONT__1542800861412460.jpg,C:\Users\shrey\OneDrive\Documents\Hackathon\Mahe-26\Output\masks_v2\n015-2018-11-21-19-38-26+0800__CAM_FRONT__1542800861412460.png,de7d80a1f5fb4c3e82ce8a4f213b450a,98fa81992fb04e799c329eca220e7164
C:\Users\shrey\OneDrive\Documents\Hackathon\Mahe-26\samples/CAM_FRONT/n015-2018-11-21-19-38-26+0800__CAM_FRONT__1542800861912460.jpg,C:\Users\shrey\OneDrive\Documents\Hackathon\Mahe-26\Output\masks_v2\n015-2018-11-21-19-38-26+0800__CAM_FRONT__1542800861912460.png,de7d80a1f5fb4c3e82ce8a4f213b450a,49dfd2f2fef447cc9b8dec3e17c1c919
C:\Users\shrey\OneDrive\Documents\Hackathon\Mahe-26\samples/CAM_FRONT/n015-2018-11-21-19-38-26+0800__CAM_FRONT__1542800862412460.jpg,C:\Users\shrey\OneDrive\Documents\Hackathon\Mahe-26\Output\masks_v2\n015-2018-11-21-19-38-26+0800__CAM_FRONT__1542800862412460.png,de7d80a1f5fb4c3e82ce8a4f213b450a,c18d3bcc9297454ba52112c079cb756e
C:\Users\shrey\OneDrive\Documents\Hackathon\Mahe-26\samples/CAM_FRONT/n015-2018-11-21-19-38-26+0800__CAM_FRONT__1542800862912460.jpg,C:\Users\shrey\OneDrive\Documents\Hackathon\Mahe-26\Output\masks_v2\n015-2018-11-21-19-38-26+0800__CAM_FRONT__1542800862912460.png,de7d80a1f5fb4c3e82ce8a4f213b450a,9cc9718713c14974b5e3094e1c4eae1c
C:\Users\shrey\OneDrive\Documents\Hackathon\Mahe-26\samples/CAM_FRONT/n015-2018-11-21-19-38-26+0800__CAM_FRONT__1542800863412460.jpg,C:\Users\shrey\OneDrive\Documents\Hackathon\Mahe-26\Output\masks_v2\n015-2018-11-21-19-38-26+0800__CAM_FRONT__1542800863412460.png,de7d80a1f5fb4c3e82ce8a4f213b450a,a5c0ec90615e42818962e4e002de0cef
C:\Users\shrey\OneDrive\Documents\Hackathon\Mahe-26\samples/CAM_FRONT/n015-2018-11-21-19-38-26+0800__CAM_FRONT__1542800863912460.jpg,C:\Users\shrey\OneDrive\Documents\Hackathon\Mahe-26\Output\masks_v2\n015-2018-11-21-19-38-26+0800__CAM_FRONT__1542800863912460.png,de7d80a1f5fb4c3e82ce8a4f213b450a,3f2ddc9476eb475b8c46f777f508cedb
C:\Users\shrey\OneDrive\Documents\Hackathon\Mahe-26\samples/CAM_FRONT/n015-2018-11-21-19-38-26+0800__CAM_FRONT__1542800864412460.jpg,C:\Users\shrey\OneDrive\Documents\Hackathon\Mahe-26\Output\masks_v2\n015-2018-11-21-19-38-26+0800__CAM_FRONT__1542800864412460.png,de7d80a1f5fb4c3e82ce8a4f213b450a,27749aa3de2545219186c61d4d415e1c
C:\Users\shrey\OneDrive\Documents\Hackathon\Mahe-26\samples/CAM_FRONT/n015-2018-11-21-19-38-26+0800__CAM_FRONT__1542800864912460.jpg,C:\Users\shrey\OneDrive\Documents\Hackathon\Mahe-26\Output\masks_v2\n015-2018-11-21-19-38-26+0800__CAM_FRONT__1542800864912460.png,de7d80a1f5fb4c3e82ce8a4f213b450a,daae21dc94b74898a7362922e8792415
C:\Users\shrey\OneDrive\Documents\Hackathon\Mahe-26\samples/CAM_FRONT/n015-2018-11-21-19-38-26+0800__CAM_FRONT__1542800865412815.jpg,C:\Users\shrey\OneDrive\Documents\Hackathon\Mahe-26\Output\masks_v2\n015-2018-11-21-19-38-26+0800__CAM_FRONT__1542800865412815.png,de7d80a1f5fb4c3e82ce8a4f213b450a,042f582eb2bb4231910918ba85f390d3
C:\Users\shrey\OneDrive\Documents\Hackathon\Mahe-26\samples/CAM_FRONT/n015-2018-11-21-19-38-26+0800__CAM_FRONT__1542800865912460.jpg,C:\Users\shrey\OneDrive\Documents\Hackathon\Mahe-26\Output\masks_v2\n015-2018-11-21-19-38-26+0800__CAM_FRONT__1542800865912460.png,de7d80a1f5fb4c3e82ce8a4f213b450a,fe40762a54e1414da73de751877ad576
C:\Users\shrey\OneDrive\Documents\Hackathon\Mahe-26\samples/CAM_FRONT/n015-2018-11-21-19-38-26+0800__CAM_FRONT__1542800866412467.jpg,C:\Users\shrey\OneDrive\Documents\Hackathon\Mahe-26\Output\masks_v2\n015-2018-11-21-19-38-26+0800__CAM_FRONT__1542800866412467.png,de7d80a1f5fb4c3e82ce8a4f213b450a,0ee7e7691e3e4bd88d43150073906a4f
C:\Users\shrey\OneDrive\Documents\Hackathon\Mahe-26\samples/CAM_FRONT/n015-2018-11-21-19-38-26+0800__CAM_FRONT__1542800866912460.jpg,C:\Users\shrey\OneDrive\Documents\Hackathon\Mahe-26\Output\masks_v2\n015-2018-11-21-19-38-26+0800__CAM_FRONT__1542800866912460.png,de7d80a1f5fb4c3e82ce8a4f213b450a,b085cc54b9c6437db176033620d00529
C:\Users\shrey\OneDrive\Documents\Hackathon\Mahe-26\samples/CAM_FRONT/n015-2018-11-21-19-38-26+0800__CAM_FRONT__1542800867412460.jpg,C:\Users\shrey\OneDrive\Documents\Hackathon\Mahe-26\Output\masks_v2\n015-2018-11-21-19-38-26+0800__CAM_FRONT__1542800867412460.png,de7d80a1f5fb4c3e82ce8a4f213b450a,4e1d1031fe9f45f981a2f598365fc645
